return,steps,failure,wall_dt,do_count,stall
3.099999999999999,196,0,0.4833412170410156,6,0
2.099999999999999,179,0,0.5117514133453369,8,0
1.1000000000000003,166,0,0.4302074909210205,8,0
-0.2,172,0,0.43932294845581055,8,0
0.10000000000000003,193,0,0.5324785709381104,5,0
2.099999999999999,173,0,0.47972559928894043,6,0
1.0,155,0,0.41649651527404785,6,0
2.0,185,0,0.5100517272949219,10,0
0.6000000000000001,152,0,0.4245612621307373,7,0
0.6000000000000002,175,0,0.48935985565185547,10,0
1.5999999999999994,188,0,0.4896664619445801,5,0
3.6999999999999997,223,0,0.6207313537597656,10,0
1.7999999999999996,164,0,0.43094730377197266,4,0
4.1,178,0,0.5132970809936523,10,0
0.7,180,1,0.46768975257873535,2,1
2.499999999999999,279,0,0.7548840045928955,14,0
5.551115123125783e-17,158,0,0.43302035331726074,5,0
5.551115123125783e-17,231,0,0.5929641723632812,8,0
2.0999999999999996,174,0,0.45090389251708984,7,0
3.099999999999999,155,0,0.432767391204834,11,0
0.0,100,1,0.3162102699279785,0,1
0.8000000000000003,166,0,0.4536116123199463,7,0
2.8,222,0,0.5402431488037109,12,0
-0.4999999999999999,169,0,0.44338345527648926,2,0
1.9999999999999998,164,0,0.450685977935791,11,0
1.9000000000000004,161,0,0.4726996421813965,4,0
-0.2,175,0,0.4826688766479492,9,0
2.099999999999999,162,0,0.43604540824890137,12,0
2.0999999999999996,150,0,0.3890037536621094,7,0
-0.8999999999999999,48,1,0.2009270191192627,2,0
1.9999999999999993,215,0,0.575998067855835,13,0
1.0999999999999996,393,0,0.9235754013061523,11,0
2.0999999999999996,176,0,0.47339344024658203,5,0
1.1,210,0,0.559356689453125,9,0
3.099999999999999,189,0,0.5277440547943115,6,0
3.0999999999999996,177,0,0.49822545051574707,8,0
-1.1102230246251565e-16,144,0,0.397721529006958,7,0
2.499999999999999,192,0,0.570343017578125,13,0
2.1,136,0,0.37865424156188965,10,0
1.6999999999999995,207,0,0.5508687496185303,10,0
2.0999999999999996,207,0,0.5460350513458252,6,0
0.10000000000000009,87,0,0.2747151851654053,1,0
-0.5,146,0,0.4061751365661621,11,0
4.099999999999999,178,0,0.48857760429382324,8,0
5.551115123125783e-17,181,0,0.49186015129089355,7,0
0.9000000000000001,173,0,0.48369288444519043,7,0
-0.29999999999999993,146,0,0.4312880039215088,7,0
-1.1,157,1,0.45004701614379883,10,0
-0.2,178,0,0.45552563667297363,8,0
1.9999999999999993,221,0,0.6259512901306152,9,0
-0.39999999999999997,162,0,0.43308305740356445,2,0
1.0000000000000004,170,0,0.46288204193115234,6,0
1.7,196,0,0.5098879337310791,5,0
-0.4999999999999999,170,0,0.4346022605895996,6,0
0.9000000000000001,227,0,0.6107907295227051,9,0
0.10000000000000009,138,0,0.3807241916656494,3,0
1.7999999999999994,217,0,0.6325368881225586,11,0
3.099999999999999,199,0,0.5328490734100342,13,0
1.1000000000000003,128,0,0.35697054862976074,7,0
5.551115123125783e-17,222,0,0.5591945648193359,7,0
-0.8999999999999999,50,1,0.20276927947998047,2,0
0.0,145,0,0.3674013614654541,2,0
0.10000000000000003,175,0,0.49512720108032227,7,0
2.099999999999999,184,0,0.49097251892089844,10,0
0.09999999999999998,150,0,0.4055016040802002,4,0
0.8000000000000002,184,0,0.48917651176452637,9,0
1.0999999999999999,163,0,0.4627959728240967,5,0
0.7000000000000002,155,0,0.4304494857788086,7,0
0.10000000000000003,100,0,0.30478835105895996,3,0
1.7999999999999994,171,0,0.4747755527496338,5,0
-0.09999999999999987,151,0,0.4280128479003906,6,0
3.999999999999999,211,0,0.5286884307861328,6,0
-1.0,99,1,0.301149845123291,6,0
1.0,180,1,0.4691474437713623,2,1
2.099999999999999,165,0,0.4795095920562744,10,0
2.499999999999999,229,0,0.5900266170501709,8,0
3.099999999999999,206,0,0.5606777667999268,8,0
0.09999999999999981,184,0,0.502251386642456,5,0
2.7999999999999994,150,0,0.4178812503814697,6,0
1.1000000000000003,191,0,0.48752522468566895,11,0
-0.9,86,1,0.27634143829345703,3,0
-0.1000000000000002,93,0,0.3163166046142578,5,0
1.0000000000000004,237,0,0.664262056350708,12,0
-0.8999999999999999,124,1,0.3605201244354248,3,0
2.099999999999999,214,0,0.5761620998382568,11,0
2.999999999999999,156,0,0.45843076705932617,16,0
2.099999999999999,174,0,0.4577169418334961,10,0
5.551115123125783e-17,141,0,0.4293079376220703,6,0
-0.8999999999999999,144,1,0.3955068588256836,8,0
1.9999999999999993,157,0,0.41878724098205566,5,0
1.0000000000000002,154,0,0.4323384761810303,4,0
2.099999999999999,158,0,0.441089391708374,10,0
0.0,165,0,0.43150782585144043,9,0
-0.2,172,0,0.45144009590148926,3,0
0.10000000000000003,145,0,0.39637017250061035,2,0
-1.2999999999999998,133,1,0.38108325004577637,8,0
1.1102230246251565e-16,146,0,0.41889429092407227,9,0
4.0,173,0,0.49890565872192383,11,0
0.9,180,1,0.46651673316955566,2,1
5.551115123125783e-17,197,0,0.5357406139373779,7,0
4.099999999999999,170,0,0.5037839412689209,8,0
0.10000000000000009,146,0,0.396481990814209,7,0
0.9000000000000001,172,0,0.4933962821960449,2,0
0.09999999999999992,191,0,0.46869850158691406,9,0
-1.2,37,1,0.1671748161315918,1,0
2.0999999999999996,154,0,0.4116082191467285,7,0
0.8000000000000003,53,0,0.19927477836608887,8,0
1.5999999999999994,184,0,0.5114030838012695,9,0
1.1000000000000003,175,0,0.4527137279510498,8,0
-0.39999999999999997,163,0,0.43639135360717773,4,0
3.099999999999999,180,0,0.5264816284179688,9,0
2.099999999999999,194,0,0.5282936096191406,12,0
1.1,181,0,0.4576740264892578,9,0
1.1000000000000003,91,0,0.3024907112121582,3,0
2.0999999999999996,163,0,0.41852617263793945,9,0
0.10000000000000009,99,0,0.29615163803100586,4,0
0.8,180,1,0.4904947280883789,0,1
0.09999999999999998,178,0,0.46601200103759766,8,0
-5.551115123125783e-17,177,0,0.47945070266723633,5,0
1.0000000000000002,120,0,0.3543825149536133,4,0
1.1,152,0,0.39017581939697266,5,0
-0.9000000000000001,155,1,0.4090712070465088,5,0
2.9999999999999996,251,0,0.6511325836181641,16,0
0.8000000000000003,161,0,0.44170498847961426,5,0
2.1,108,0,0.32659125328063965,7,0
1.1,171,0,0.4891085624694824,4,0
0.10000000000000009,185,0,0.47542238235473633,9,0
2.099999999999999,190,0,0.5199978351593018,3,0
0.09999999999999981,150,0,0.44675397872924805,3,0
1.1000000000000003,205,0,0.54585862159729,13,0
1.1000000000000003,192,0,0.5275757312774658,5,0
5.551115123125783e-17,213,0,0.5525383949279785,6,0
5.551115123125783e-17,153,0,0.38064122200012207,6,0
2.999999999999999,195,0,0.5350878238677979,6,0
1.7999999999999996,153,0,0.40778660774230957,11,0
1.9999999999999993,200,0,0.5610771179199219,7,0
1.0000000000000002,164,0,0.4680018424987793,6,0
3.099999999999999,205,0,0.5178649425506592,6,0
1.0000000000000002,156,0,0.4525563716888428,4,0
1.0000000000000002,161,0,0.4557638168334961,9,0
-0.8999999999999999,43,1,0.18493866920471191,3,0
-0.19999999999999996,148,0,0.40569257736206055,5,0
1.7999999999999996,148,0,0.3977234363555908,8,0
3.099999999999999,162,0,0.44718194007873535,9,0
0.0,135,0,0.3866586685180664,2,0
2.099999999999999,186,0,0.5021398067474365,5,0
1.1,235,0,0.6303319931030273,6,0
2.0999999999999996,151,0,0.44470882415771484,3,0
1.0000000000000002,205,0,0.5242547988891602,4,0
0.09999999999999998,159,0,0.4337034225463867,5,0
0.09999999999999992,62,0,0.22685980796813965,3,0
0.09999999999999992,170,0,0.4624483585357666,7,0
0.10000000000000003,175,0,0.43906140327453613,7,0
0.09999999999999998,210,0,0.5326085090637207,8,0
1.1000000000000003,186,0,0.4814743995666504,4,0
0.10000000000000003,153,0,0.42886781692504883,6,0
4.099999999999999,189,0,0.5140104293823242,8,0
1.5999999999999994,174,0,0.47457361221313477,8,0
0.0,293,0,0.6847116947174072,11,0
1.1000000000000003,166,0,0.435807466506958,6,0
-0.09999999999999987,85,0,0.2683100700378418,4,0
2.099999999999999,174,0,0.4858260154724121,4,0
1.7999999999999996,201,0,0.5278897285461426,10,0
1.7999999999999996,148,0,0.3955192565917969,6,0
0.10000000000000003,197,0,0.5008971691131592,5,0
2.099999999999999,172,0,0.4419867992401123,9,0
1.1000000000000003,147,0,0.43024659156799316,4,0
-0.29999999999999993,175,0,0.43639636039733887,9,0
-0.9000000000000001,92,1,0.3078746795654297,2,0
1.9999999999999993,219,0,0.5479505062103271,9,0
3.0999999999999996,170,0,0.4568319320678711,5,0
-1.1,37,1,0.18797755241394043,3,0
-0.10000000000000009,131,0,0.3614792823791504,5,0
0.10000000000000003,149,0,0.40158843994140625,8,0
2.7,190,0,0.48462367057800293,9,0
1.8999999999999997,152,0,0.42110228538513184,6,0
1.1,223,0,0.5958218574523926,8,0
-0.09999999999999998,157,0,0.42366790771484375,8,0
2.099999999999999,208,0,0.5522007942199707,8,0
1.5999999999999999,230,0,0.5885393619537354,6,0
5.551115123125783e-17,171,0,0.4804654121398926,10,0
1.9999999999999998,147,0,0.40856313705444336,9,0
1.0000000000000002,147,0,0.41277098655700684,8,0
1.1000000000000003,189,0,0.5272984504699707,10,0
5.551115123125783e-17,158,0,0.4216175079345703,6,0
2.0999999999999996,171,0,0.4624936580657959,4,0
0.30000000000000027,139,0,0.398423433303833,5,0
5.551115123125783e-17,155,0,0.42098116874694824,6,0
3.0999999999999996,228,0,0.6389410495758057,4,0
0.09999999999999998,156,0,0.40706610679626465,3,0
1.1,56,0,0.22331690788269043,1,0
0.10000000000000009,179,0,0.47302675247192383,8,0
0.10000000000000009,165,0,0.4602961540222168,6,0
3.099999999999999,248,0,0.622312068939209,13,0
2.0999999999999996,141,0,0.3758060932159424,4,0
2.099999999999999,201,0,0.5567598342895508,8,0
-0.8999999999999999,47,1,0.20845580101013184,1,0
1.0000000000000002,155,0,0.4337184429168701,4,0
0.0,171,0,0.4678316116333008,6,0
1.1,150,0,0.3945579528808594,6,0
0.10000000000000006,160,0,0.4319922924041748,9,0
1.6999999999999995,222,0,0.5711143016815186,7,0
0.09999999999999998,172,0,0.456817626953125,5,0
0.09999999999999992,171,0,0.4557170867919922,2,0
-0.8999999999999999,70,1,0.25048160552978516,3,0
0.7000000000000002,181,0,0.48526978492736816,5,0
0.10000000000000003,179,0,0.513624906539917,3,0
-0.9000000000000001,82,1,0.2797672748565674,4,0
-1.0,59,1,0.22373580932617188,0,0
1.0000000000000002,213,0,0.54691481590271,8,0
-0.19999999999999996,145,0,0.3985111713409424,1,0
1.1000000000000003,158,0,0.4498169422149658,12,0
1.5999999999999994,228,0,0.6076102256774902,9,0
2.499999999999999,247,0,0.6764993667602539,8,0
1.9999999999999998,187,0,0.4998130798339844,9,0
0.10000000000000003,137,0,0.3667469024658203,6,0
1.7999999999999994,155,0,0.4290807247161865,11,0
4.099999999999999,193,0,0.5082464218139648,5,0
0.09999999999999998,167,0,0.4765193462371826,6,0
5.551115123125783e-17,190,0,0.4718132019042969,4,0
1.7999999999999996,200,0,0.5168850421905518,9,0
0.10000000000000009,153,0,0.4243588447570801,8,0
0.6000000000000003,155,0,0.4450042247772217,6,0
0.7000000000000006,166,0,0.46521711349487305,4,0
0.10000000000000009,196,0,0.502793550491333,9,0
0.09999999999999998,161,0,0.43591952323913574,6,0
-8.326672684688674e-17,186,0,0.5304522514343262,9,0
2.0999999999999996,157,0,0.41867518424987793,10,0
0.10000000000000003,202,0,0.5260138511657715,7,0
0.09999999999999992,59,0,0.2153935432434082,3,0
1.0000000000000004,171,0,0.4801950454711914,8,0
1.1000000000000003,188,0,0.5149459838867188,5,0
2.099999999999999,298,0,0.7729096412658691,11,0
2.0999999999999996,161,0,0.4457573890686035,3,0
-0.9,93,1,0.28826475143432617,2,0
1.5999999999999994,206,0,0.5634090900421143,5,0
0.0,130,0,0.36261606216430664,3,0
0.10000000000000009,122,0,0.3619115352630615,4,0
2.099999999999999,185,0,0.4770627021789551,6,0
1.0000000000000004,165,0,0.45021700859069824,3,0
0.09999999999999987,192,0,0.5507135391235352,7,0
1.1102230246251565e-16,160,0,0.42709898948669434,4,0
0.09999999999999992,211,0,0.5598113536834717,4,0
0.09999999999999998,151,0,0.4142758846282959,3,0
-0.29999999999999993,135,0,0.3745720386505127,2,0
2.099999999999999,180,0,0.48793959617614746,5,0
1.1,146,0,0.39020371437072754,3,0
-0.8999999999999999,39,1,0.17673611640930176,1,0
0.10000000000000003,161,0,0.41846752166748047,4,0
2.0999999999999996,165,0,0.44445323944091797,4,0
0.09999999999999998,146,0,0.4225325584411621,10,0
5.551115123125783e-17,174,0,0.4611833095550537,2,0
1.1,179,0,0.45377635955810547,9,0
0.0,167,0,0.45951008796691895,3,0
2.8,169,0,0.45639514923095703,8,0
2.099999999999999,170,0,0.4640951156616211,5,0
1.9999999999999993,189,0,0.49599337577819824,11,0
1.9999999999999993,170,0,0.46253275871276855,7,0
1.1,146,0,0.39096570014953613,6,0
0.09999999999999992,86,1,0.29082202911376953,0,0
0.10000000000000003,149,0,0.4394257068634033,4,0
0.10000000000000006,152,0,0.458681583404541,2,0
1.1000000000000003,168,0,0.4490947723388672,5,0
0.10000000000000003,142,0,0.3725414276123047,4,0
1.1,204,0,0.5413980484008789,4,0
1.0000000000000002,236,0,0.6030566692352295,14,0
-0.19999999999999984,201,0,0.49744701385498047,8,0
1.8999999999999997,249,0,0.6608145236968994,10,0
-0.09999999999999987,148,0,0.40061306953430176,4,0
3.099999999999999,189,0,0.4924964904785156,5,0
0.0,100,1,0.29653310775756836,0,1
2.0999999999999996,222,0,0.593919038772583,10,0
-0.19999999999999996,146,0,0.3795936107635498,4,0
-0.8999999999999999,50,1,0.21410202980041504,3,0
-0.9000000000000001,51,1,0.1989905834197998,6,0
2.099999999999999,166,0,0.43108201026916504,10,0
-1.0,85,1,0.27484607696533203,3,0
2.099999999999999,134,0,0.38285255432128906,8,0
2.099999999999999,351,0,0.9119710922241211,15,0
1.9999999999999998,169,0,0.46070361137390137,7,0
3.0999999999999996,197,0,0.5514323711395264,6,0
0.10000000000000003,133,0,0.3663816452026367,3,0
-0.49999999999999994,189,0,0.48621106147766113,5,0
2.5999999999999996,248,0,0.6755399703979492,12,0
2.099999999999999,158,0,0.4732389450073242,9,0
0.5999999999999999,292,0,0.7434360980987549,10,0
2.9999999999999996,190,0,0.5297701358795166,9,0
-0.09999999999999987,219,0,0.6195273399353027,6,0
-0.5000000000000001,159,0,0.4606971740722656,8,0
-0.2999999999999999,191,0,0.46990275382995605,9,0
2.999999999999999,175,0,0.47444915771484375,8,0
0.8000000000000003,143,0,0.4032468795776367,5,0
2.0999999999999996,211,0,0.5663206577301025,9,0
-0.39999999999999986,168,0,0.46987128257751465,9,0
2.9999999999999996,158,0,0.4259982109069824,6,0
5.551115123125783e-17,173,0,0.4505636692047119,6,0
3.099999999999999,227,0,0.5638289451599121,9,0
0.09999999999999992,194,0,0.5240323543548584,5,0
-0.2,151,0,0.41367459297180176,4,0
0.09999999999999992,154,0,0.4148578643798828,6,0
2.0999999999999996,178,0,0.5325150489807129,5,0
0.10000000000000003,137,0,0.4350857734680176,3,0
-0.9000000000000001,79,1,0.28800368309020996,3,0
-0.4999999999999999,168,0,0.4589993953704834,5,0
1.1,248,0,0.6920678615570068,11,0
-0.09999999999999987,147,0,0.3942534923553467,4,0
1.0000000000000002,182,0,0.5236902236938477,7,0
-0.4,193,0,0.5307972431182861,10,0
1.8,187,0,0.47245335578918457,5,0
0.6000000000000001,168,0,0.4672203063964844,6,0
1.7999999999999996,147,0,0.39183950424194336,8,0
1.0000000000000002,193,0,0.5003855228424072,8,0
-0.19999999999999996,192,0,0.48993778228759766,5,0
3.0,186,0,0.519744873046875,7,0
0.10000000000000009,152,0,0.4182016849517822,2,0
2.1,196,0,0.5512709617614746,10,0
0.10000000000000003,165,0,0.43802475929260254,7,0
1.9999999999999998,248,0,0.7017335891723633,12,0
2.999999999999999,222,0,0.6067516803741455,9,0
0.09999999999999992,145,0,0.39943408966064453,8,0
0.7000000000000002,161,0,0.4332411289215088,7,0
1.7999999999999996,151,0,0.4120826721191406,7,0
1.8999999999999997,189,0,0.5188319683074951,9,0
1.9,203,0,0.5356667041778564,7,0
1.9999999999999993,184,0,0.5150182247161865,6,0
1.0000000000000002,209,0,0.5913853645324707,7,0
5.551115123125783e-17,164,0,0.4618837833404541,8,0
-0.3999999999999999,136,0,0.3872692584991455,5,0
0.8,37,0,0.18398404121398926,2,0
-0.2,190,0,0.4932281970977783,10,0
1.1,168,0,0.4395270347595215,7,0
1.1,158,0,0.41153883934020996,10,0
0.7000000000000004,251,0,0.6072852611541748,9,0
2.5999999999999996,190,0,0.5347800254821777,10,0
1.9999999999999998,160,0,0.41637587547302246,6,0
2.5999999999999996,178,0,0.47716856002807617,8,0
2.099999999999999,391,0,0.9849612712860107,15,0
4.099999999999999,217,0,0.5794661045074463,10,0
3.0,159,0,0.4606049060821533,11,0
0.09999999999999998,168,0,0.4449930191040039,7,0
2.099999999999999,198,0,0.5006699562072754,6,0
1.0000000000000002,182,0,0.4828000068664551,10,0
2.0,142,0,0.3699929714202881,8,0
0.10000000000000003,198,0,0.5257759094238281,7,0
0.10000000000000003,154,0,0.4113290309906006,2,0
0.5,180,1,0.49722957611083984,2,1
0.10000000000000003,210,0,0.5621747970581055,6,0
2.099999999999999,173,0,0.4626350402832031,7,0
4.6,170,0,0.4581294059753418,8,0
0.09999999999999995,144,0,0.39589738845825195,7,0
0.5,223,0,0.5866365432739258,6,0
0.0,158,1,0.4096851348876953,0,0
5.551115123125783e-17,187,0,0.4700469970703125,5,0
1.1,234,0,0.6540720462799072,11,0
-0.19999999999999984,203,0,0.5621731281280518,9,0
2.099999999999999,176,0,0.46885085105895996,10,0
0.10000000000000009,103,0,0.3233931064605713,2,0
0.10000000000000009,206,0,0.5281577110290527,11,0
0.09999999999999998,143,0,0.4170503616333008,7,0
1.9999999999999998,158,0,0.422374963760376,10,0
0.0,142,0,0.3960258960723877,6,0
5.551115123125783e-17,169,0,0.42719125747680664,2,0
2.099999999999999,170,0,0.45052266120910645,5,0
0.09999999999999995,168,0,0.4605884552001953,3,0
2.0999999999999996,153,0,0.3940412998199463,7,0
1.5999999999999999,134,0,0.37508487701416016,10,0
-0.30000000000000004,52,0,0.20793890953063965,3,0
2.1,197,0,0.5610771179199219,6,0
1.0000000000000002,139,0,0.40479564666748047,7,0
1.1000000000000003,184,0,0.5065748691558838,10,0
2.099999999999999,172,0,0.4593682289123535,7,0
2.5999999999999996,164,0,0.43353748321533203,5,0
3.0999999999999996,253,0,0.6401622295379639,6,0
1.9999999999999998,163,0,0.4006514549255371,8,0
-0.8999999999999999,65,1,0.24312901496887207,2,0
1.1000000000000003,184,0,0.4962337017059326,11,0
0.10000000000000009,178,0,0.5019586086273193,6,0
1.1102230246251565e-16,160,0,0.4273722171783447,6,0
2.0999999999999996,183,0,0.5130479335784912,5,0
0.09999999999999998,188,0,0.4970235824584961,8,0
3.099999999999999,208,0,0.5451064109802246,9,0
1.1000000000000003,83,0,0.2867166996002197,6,0
1.1,138,0,0.39162206649780273,7,0
2.9999999999999996,163,0,0.4604306221008301,9,0
5.551115123125783e-17,129,0,0.3761768341064453,5,0
3.099999999999999,147,0,0.39520931243896484,8,0
0.09999999999999998,100,0,0.30496835708618164,6,0
-0.2999999999999999,195,0,0.5250129699707031,3,0
1.0999999999999999,97,0,0.31137800216674805,1,0
0.7000000000000003,199,0,0.5560472011566162,5,0
0.9000000000000002,181,0,0.47431039810180664,9,0
3.099999999999999,254,0,0.6881723403930664,14,0
1.9999999999999993,223,0,0.5800275802612305,13,0
0.09999999999999998,165,0,0.4242112636566162,1,0
0.10000000000000003,201,0,0.5418965816497803,4,0
0.9000000000000001,175,0,0.46880578994750977,5,0
0.09999999999999992,202,0,0.5342235565185547,9,0
3.099999999999999,124,0,0.35593318939208984,6,0
1.1,131,0,0.3595237731933594,8,0
2.0,138,0,0.3726024627685547,3,0
2.099999999999999,164,0,0.44576025009155273,7,0
3.099999999999999,188,0,0.5187232494354248,8,0
1.0000000000000004,252,0,0.6197059154510498,4,0
1.9999999999999998,186,0,0.5215659141540527,8,0
2.0,141,0,0.37566566467285156,7,0
0.8000000000000002,181,0,0.49373865127563477,9,0
2.0999999999999996,136,0,0.381925106048584,11,0
2.0999999999999996,140,0,0.3936188220977783,4,0
-0.09999999999999987,137,0,0.38356518745422363,7,0
1.7999999999999996,146,0,0.4009859561920166,5,0
0.5000000000000004,163,0,0.485339879989624,7,0
1.1,190,0,0.517385721206665,9,0
1.9999999999999993,172,0,0.46364736557006836,7,0
2.0999999999999996,165,0,0.4356846809387207,8,0
0.0,96,0,0.3193957805633545,3,0
0.10000000000000009,130,0,0.391329288482666,5,0
0.10000000000000009,168,0,0.4360041618347168,7,0
2.0,211,0,0.5643560886383057,8,0
0.10000000000000003,162,0,0.4180564880371094,5,0
0.10000000000000009,153,0,0.4066953659057617,4,0
0.10000000000000009,173,0,0.47913122177124023,3,0
0.6000000000000001,166,0,0.447526216506958,6,0
2.0999999999999996,185,0,0.4828493595123291,7,0
2.0999999999999996,134,0,0.368480920791626,6,0
-1.2000000000000002,46,1,0.19367432594299316,1,0
0.09999999999999998,214,0,0.6011230945587158,8,0
2.099999999999999,171,0,0.4325070381164551,8,0
0.09999999999999998,146,0,0.3755149841308594,3,0
2.099999999999999,168,0,0.49198365211486816,5,0
3.099999999999999,182,0,0.4830002784729004,6,0
1.0,170,0,0.4382455348968506,6,0
0.10000000000000009,152,0,0.37844085693359375,4,0
0.5,269,0,0.7049052715301514,8,0
2.0999999999999996,201,0,0.5618958473205566,12,0
2.0999999999999996,190,0,0.507197380065918,15,0
0.10000000000000003,204,0,0.562584400177002,5,0
1.4999999999999998,202,0,0.5122919082641602,9,0
2.8999999999999995,162,0,0.445249080657959,11,0
1.1000000000000003,205,0,0.5263934135437012,6,0
2.0999999999999996,170,0,0.4575963020324707,5,0
0.09999999999999998,173,0,0.43688011169433594,7,0
2.0999999999999996,191,0,0.48911380767822266,12,0
0.10000000000000003,203,0,0.5428190231323242,4,0
0.6000000000000001,177,0,0.4631028175354004,9,0
-0.8999999999999999,164,1,0.40544557571411133,6,0
0.09999999999999998,167,0,0.45284414291381836,4,0
2.099999999999999,254,0,0.6506047248840332,15,0
-1.0,50,1,0.19612526893615723,2,0
-5.551115123125783e-17,168,0,0.4257009029388428,7,0
1.9999999999999998,168,0,0.459197998046875,12,0
2.999999999999999,254,0,0.6668689250946045,11,0
-0.2999999999999999,198,0,0.532339334487915,10,0
0.0,137,0,0.36104917526245117,7,0
-0.9,32,1,0.16801023483276367,2,0
2.099999999999999,175,0,0.4867534637451172,8,0
2.099999999999999,178,0,0.4780282974243164,6,0
1.4999999999999998,252,0,0.6381351947784424,12,0
1.1000000000000003,161,0,0.45237064361572266,13,0
0.10000000000000009,209,0,0.526608943939209,7,0
1.9999999999999993,188,0,0.5423223972320557,6,0
2.0999999999999996,159,0,0.4443228244781494,7,0
-0.39999999999999997,181,0,0.4918813705444336,6,0
3.099999999999999,175,0,0.4711127281188965,6,0
0.10000000000000003,132,0,0.36757349967956543,8,0
-0.2,193,0,0.49173688888549805,6,0
0.09999999999999998,184,0,0.477919340133667,6,0
0.10000000000000009,184,0,0.5264496803283691,7,0
2.099999999999999,204,0,0.5286376476287842,7,0
1.9999999999999996,158,0,0.4567101001739502,11,0
2.0999999999999996,150,0,0.38022422790527344,8,0
-1.6653345369377348e-16,168,0,0.49341917037963867,5,0
1.1,169,0,0.4671189785003662,6,0
2.5999999999999996,166,0,0.46815943717956543,11,0
0.0,164,0,0.44638967514038086,5,0
2.099999999999999,179,0,0.4778296947479248,6,0
1.9999999999999993,150,0,0.42967987060546875,8,0
-0.8999999999999999,36,1,0.16939902305603027,1,0
4.0,296,0,0.8134675025939941,10,0
1.0000000000000002,157,0,0.4484846591949463,8,0
2.099999999999999,210,0,0.569288969039917,12,0
-5.551115123125783e-17,156,0,0.46349215507507324,7,0
5.551115123125783e-17,180,0,0.46962594985961914,5,0
1.0,180,1,0.4709808826446533,2,1
1.9,257,0,0.7055106163024902,7,0
0.0,164,0,0.4418330192565918,3,0
1.5999999999999994,183,0,0.4926729202270508,4,0
2.0999999999999996,143,0,0.39821934700012207,7,0
5.099999999999999,200,0,0.5735831260681152,12,0
0.4000000000000001,180,1,0.48842859268188477,2,1
2.999999999999999,179,0,0.4681210517883301,9,0
3.0999999999999996,170,0,0.47611236572265625,7,0
-0.19999999999999996,171,0,0.4436931610107422,7,0
-0.9000000000000001,68,1,0.24909186363220215,2,0
1.1000000000000003,149,0,0.39213085174560547,4,0
2.8,176,0,0.47627925872802734,12,0
1.1,163,0,0.43562841415405273,10,0
1.0999999999999996,148,0,0.40007925033569336,6,0
0.09999999999999998,193,0,0.5026187896728516,11,0
1.1,162,0,0.43003129959106445,7,0
1.9999999999999993,226,0,0.5592081546783447,10,0
1.1000000000000003,177,0,0.43720340728759766,13,0
3.0,185,0,0.4869210720062256,5,0
2.0999999999999996,211,0,0.5896925926208496,9,0
0.10000000000000009,246,0,0.6184601783752441,5,0
0.0,165,0,0.46479249000549316,1,0
0.10000000000000003,162,0,0.4388866424560547,9,0
2.0999999999999996,149,0,0.4185676574707031,8,0
-0.09999999999999987,192,0,0.48669862747192383,11,0
4.1,223,0,0.6298432350158691,9,0
2.0999999999999996,171,0,0.4930272102355957,5,0
1.1000000000000003,218,0,0.5439999103546143,10,0
5.551115123125783e-17,164,0,0.45470595359802246,2,0
-0.3999999999999999,162,0,0.44655728340148926,5,0
0.10000000000000003,136,0,0.39449381828308105,2,0
5.551115123125783e-17,170,0,0.4688708782196045,4,0
0.10000000000000003,153,0,0.4316704273223877,1,0
1.1000000000000003,102,0,0.32538414001464844,2,0
2.099999999999999,153,0,0.4102602005004883,11,0
0.09999999999999992,195,0,0.5034253597259521,5,0
0.0,171,0,0.4573342800140381,3,0
3.0999999999999996,221,0,0.5676195621490479,9,0
-0.4,153,0,0.41645383834838867,7,0
0.09999999999999992,176,0,0.4663429260253906,9,0
1.0000000000000002,186,0,0.5133039951324463,9,0
2.9999999999999996,195,0,0.48376035690307617,6,0
1.1000000000000003,226,0,0.6199994087219238,9,0
0.8000000000000003,146,0,0.40525078773498535,7,0
1.9999999999999993,190,0,0.4977712631225586,8,0
3.099999999999999,173,0,0.47786808013916016,11,0
2.999999999999999,197,0,0.5129437446594238,4,0
2.0999999999999996,144,0,0.403881311416626,9,0
1.9999999999999993,197,0,0.5261485576629639,7,0
1.0,301,0,0.7608191967010498,9,0
0.09999999999999992,145,0,0.41756319999694824,3,0
1.0000000000000002,164,0,0.46138906478881836,4,0
0.10000000000000009,141,0,0.406644344329834,8,0
0.10000000000000009,171,0,0.46549177169799805,4,0
1.1,147,0,0.3985886573791504,6,0
1.7999999999999996,255,0,0.7060689926147461,11,0
5.551115123125783e-17,72,0,0.2541072368621826,3,0
0.10000000000000009,181,0,0.5034394264221191,5,0
1.0000000000000002,213,0,0.5680639743804932,7,0
0.10000000000000009,175,0,0.4546542167663574,8,0
0.8000000000000003,157,0,0.46695923805236816,9,0
1.1000000000000003,181,0,0.47107458114624023,6,0
2.0999999999999996,178,0,0.5148358345031738,6,0
0.10000000000000003,189,0,0.457155704498291,4,0
-0.4999999999999999,238,0,0.6255855560302734,13,0
0.09999999999999987,128,0,0.37710046768188477,6,0
0.7000000000000002,175,0,0.43456268310546875,7,0
1.9999999999999993,182,0,0.4842848777770996,10,0
-1.0,40,1,0.19332456588745117,0,0
-0.2999999999999999,196,0,0.5060946941375732,9,0
1.0,142,0,0.36641597747802734,8,0
1.7999999999999996,165,0,0.4579503536224365,6,0
1.1,181,0,0.4563310146331787,7,0
1.1102230246251565e-16,178,0,0.47063422203063965,2,0
0.7000000000000002,126,0,0.3743455410003662,3,0
2.099999999999999,235,0,0.6728334426879883,13,0
-1.0,71,1,0.2509286403656006,4,0
3.0999999999999996,163,0,0.40834951400756836,6,0
2.099999999999999,183,0,0.5029032230377197,6,0
0.10000000000000003,163,0,0.43305349349975586,4,0
1.0000000000000009,234,0,0.6472218036651611,8,0
5.551115123125783e-17,169,0,0.43199586868286133,3,0
0.10000000000000009,134,0,0.39556431770324707,3,0
2.099999999999999,144,0,0.4139740467071533,7,0
0.09999999999999992,194,0,0.5334603786468506,4,0
1.1,107,0,0.31638336181640625,4,0
2.0999999999999996,208,0,0.5598082542419434,5,0
3.0999999999999996,238,0,0.622211217880249,10,0
-0.20000000000000007,126,0,0.36321091651916504,3,0
1.1,159,0,0.43274545669555664,10,0
3.0999999999999996,158,0,0.41504883766174316,7,0
2.0,166,0,0.4043107032775879,5,0
-0.9000000000000001,61,1,0.23744869232177734,7,0
0.0,156,0,0.42153120040893555,13,0
0.09999999999999998,166,0,0.46697068214416504,8,0
2.099999999999999,166,0,0.4388105869293213,10,0
3.099999999999999,189,0,0.5264873504638672,13,0
2.999999999999999,174,0,0.47928571701049805,9,0
3.099999999999999,235,0,0.6170163154602051,7,0
5.551115123125783e-17,173,0,0.46630048751831055,5,0
1.9999999999999993,223,0,0.551795482635498,8,0
2.8,199,0,0.5315182209014893,13,0
0.10000000000000006,174,0,0.4843719005584717,6,0
1.0000000000000002,185,0,0.5175802707672119,6,0
-0.8999999999999999,43,1,0.19753217697143555,1,0
0.9,141,0,0.37662220001220703,6,0
-0.8999999999999999,77,1,0.2511451244354248,2,0
2.099999999999999,184,0,0.4679248332977295,8,0
-0.9000000000000001,47,1,0.20575356483459473,1,0
5.551115123125783e-17,174,0,0.4597172737121582,7,0
-1.0,55,1,0.2108597755432129,3,0
4.1,221,0,0.5960385799407959,14,0
-1.2,43,1,0.19650053977966309,1,0
0.10000000000000009,134,0,0.3999605178833008,2,0
5.551115123125783e-17,144,0,0.3976600170135498,5,0
5.551115123125783e-17,186,0,0.49898529052734375,6,0
-0.8999999999999999,47,1,0.1918332576751709,0,0
1.1000000000000003,152,0,0.39213132858276367,5,0
0.10000000000000003,176,0,0.4507789611816406,6,0
2.1000000000000005,155,0,0.4374713897705078,9,0
1.1000000000000003,191,0,0.49083542823791504,7,0
3.0999999999999996,171,0,0.4310441017150879,7,0
0.10000000000000003,206,0,0.5635902881622314,6,0
-1.1102230246251565e-16,167,0,0.4503777027130127,8,0
0.10000000000000003,204,0,0.5482258796691895,9,0
1.0000000000000002,174,0,0.4340019226074219,9,0
1.1000000000000003,206,0,0.5641429424285889,4,0
0.10000000000000003,131,0,0.37029051780700684,4,0
1.1102230246251565e-16,132,0,0.3799593448638916,3,0
1.1102230246251565e-16,175,0,0.46346020698547363,9,0
0.6000000000000001,188,0,0.491227388381958,7,0
2.5,212,0,0.5790538787841797,11,0
0.6000000000000003,150,0,0.40616798400878906,5,0
2.099999999999999,241,0,0.6142618656158447,17,0
2.099999999999999,168,0,0.4636085033416748,6,0
0.09999999999999992,143,0,0.3994886875152588,10,0
1.7999999999999996,165,0,0.45541930198669434,6,0
-0.09999999999999987,214,0,0.5987281799316406,8,0
0.09999999999999987,146,0,0.4052846431732178,5,0
2.0999999999999996,234,0,0.616572380065918,7,0
2.0999999999999996,192,0,0.49979281425476074,11,0
-0.30000000000000004,147,0,0.41035032272338867,3,0
0.09999999999999998,156,0,0.40166473388671875,6,0
2.7999999999999994,251,0,0.662146806716919,9,0
-2.7755575615628914e-17,116,0,0.3425161838531494,2,0
-0.3999999999999999,165,0,0.42169928550720215,7,0
0.10000000000000009,41,0,0.1866164207458496,4,0
1.9999999999999993,182,0,0.4917118549346924,8,0
-0.2999999999999999,156,0,0.4285879135131836,6,0
1.1000000000000003,150,0,0.4270923137664795,6,0
0.09999999999999992,183,0,0.47001028060913086,3,0
1.5999999999999994,155,0,0.3965632915496826,6,0
2.0999999999999996,146,0,0.3904390335083008,5,0
3.1,139,0,0.3818354606628418,7,0
1.0000000000000002,155,0,0.4464683532714844,4,0
2.099999999999999,317,0,0.8199329376220703,11,0
-0.9000000000000001,57,1,0.22716712951660156,3,0
3.099999999999999,153,0,0.43335819244384766,8,0
1.1000000000000003,164,0,0.4447305202484131,7,0
0.09999999999999998,143,0,0.4264202117919922,4,0
0.7000000000000002,191,0,0.507357120513916,8,0
1.0000000000000002,39,0,0.18043947219848633,2,0
2.099999999999999,217,0,0.5753538608551025,4,0
0.10000000000000003,157,0,0.42693638801574707,6,0
-0.8999999999999999,35,1,0.1826004981994629,1,0
-0.4,181,0,0.4539620876312256,5,0
2.999999999999999,232,0,0.6028072834014893,9,0
3.0999999999999996,189,0,0.4980282783508301,11,0
-0.09999999999999992,209,0,0.5112507343292236,10,0
0.8000000000000002,170,0,0.4672577381134033,9,0
1.9999999999999998,157,0,0.40737080574035645,4,0
0.9,200,0,0.5298440456390381,7,0
1.1000000000000003,144,0,0.3793187141418457,10,0
0.10000000000000003,203,0,0.5078129768371582,6,0
-0.3999999999999999,168,0,0.4424257278442383,7,0
1.6000000000000008,188,0,0.5166921615600586,5,0
0.10000000000000009,143,0,0.4063265323638916,7,0
2.099999999999999,152,0,0.4461991786956787,5,0
0.09999999999999992,196,0,0.5259277820587158,6,0
0.7,155,0,0.39466333389282227,6,0
0.10000000000000003,145,0,0.402756929397583,8,0
2.099999999999999,197,0,0.5237231254577637,11,0
0.09999999999999998,50,0,0.20085477828979492,4,0
0.10000000000000009,170,0,0.4574606418609619,9,0
2.1,171,0,0.46505260467529297,5,0
0.09999999999999998,69,0,0.2477109432220459,4,0
1.9999999999999998,118,0,0.3457374572753906,3,0
1.9999999999999998,129,0,0.38771510124206543,10,0
0.0,206,0,0.5457799434661865,5,0
0.10000000000000009,202,0,0.559734582901001,7,0
2.099999999999999,213,0,0.5611958503723145,7,0
0.6000000000000001,153,0,0.43015408515930176,5,0
0.09999999999999992,158,0,0.41077518463134766,2,0
0.10000000000000009,237,0,0.6539807319641113,5,0
0.5000000000000001,147,0,0.42390942573547363,4,0
2.099999999999999,160,0,0.4001944065093994,10,0
1.0999999999999999,138,0,0.377169132232666,4,0
0.10000000000000003,154,0,0.38367342948913574,4,0
1.8999999999999997,168,0,0.4654054641723633,7,0
1.0000000000000002,223,0,0.6104004383087158,6,0
0.10000000000000009,155,0,0.42517971992492676,4,0
0.7000000000000002,155,0,0.4159386157989502,8,0
0.10000000000000009,183,0,0.4689357280731201,6,0
1.1000000000000003,163,0,0.4658815860748291,12,0
2.099999999999999,252,0,0.6328790187835693,11,0
0.10000000000000003,164,0,0.4566841125488281,4,0
2.0999999999999996,178,0,0.4747288227081299,6,0
0.10000000000000003,158,0,0.44170308113098145,9,0
0.1,159,0,0.44223666191101074,4,0
0.10000000000000003,144,0,0.38652729988098145,8,0
2.8,216,0,0.5784614086151123,7,0
0.09999999999999981,150,0,0.41378211975097656,8,0
0.9000000000000001,176,0,0.45870089530944824,5,0
-0.2,149,0,0.40042781829833984,9,0
2.099999999999999,171,0,0.45041918754577637,9,0
1.0000000000000002,143,0,0.401517391204834,4,0
-0.19999999999999984,160,0,0.39881467819213867,7,0
2.0999999999999996,190,0,0.4965336322784424,11,0
2.8999999999999995,155,0,0.392991304397583,7,0
1.6999999999999995,168,0,0.43413734436035156,10,0
3.099999999999999,204,0,0.5032520294189453,7,0
1.0000000000000004,244,0,0.6171422004699707,10,0
0.09999999999999992,147,0,0.4038858413696289,6,0
0.8000000000000003,159,0,0.4076259136199951,4,0
1.0000000000000004,147,0,0.4050755500793457,10,0
0.9000000000000002,186,0,0.4957125186920166,10,0
1.9999999999999998,168,0,0.4457080364227295,7,0
1.1000000000000003,154,0,0.4359464645385742,7,0
1.1000000000000005,146,0,0.40662193298339844,5,0
2.1,161,0,0.4632551670074463,5,0
3.0999999999999996,142,0,0.42971229553222656,5,0
0.10000000000000009,131,0,0.404019832611084,5,0
2.9999999999999996,235,0,0.6215434074401855,9,0
2.0999999999999996,151,0,0.401261568069458,7,0
0.09999999999999992,194,0,0.5502805709838867,10,0
1.1,182,0,0.4896230697631836,14,0
0.10000000000000003,145,0,0.42801904678344727,4,0
2.8,181,0,0.48995137214660645,9,0
0.6000000000000003,230,0,0.5454723834991455,17,0
1.9999999999999993,174,0,0.4627549648284912,9,0
0.8000000000000002,149,0,0.4261927604675293,4,0
0.10000000000000009,60,0,0.21330928802490234,4,0
0.09999999999999998,106,0,0.3069169521331787,5,0
1.1,159,0,0.42440176010131836,8,0
1.9999999999999998,178,0,0.4756796360015869,10,0
-0.19999999999999996,171,0,0.47498106956481934,7,0
2.0999999999999996,209,0,0.5633206367492676,11,0
-1.3,48,1,0.20123863220214844,0,0
0.8000000000000003,165,0,0.4523770809173584,10,0
0.09999999999999992,171,0,0.4520430564880371,3,0
-0.39999999999999997,170,0,0.45240044593811035,3,0
2.8,179,0,0.5170688629150391,9,0
3.099999999999999,246,0,0.6706392765045166,11,0
-1.0,84,1,0.2921879291534424,3,0
1.7999999999999996,150,0,0.4264986515045166,5,0
1.1,167,0,0.44309210777282715,6,0
2.999999999999999,197,0,0.5501384735107422,7,0
0.10000000000000003,175,0,0.4879474639892578,7,0
-0.49999999999999994,160,0,0.44919848442077637,10,0
3.9999999999999982,223,0,0.5650041103363037,10,0
-0.1000000000000002,144,0,0.3638463020324707,4,0
0.10000000000000009,210,0,0.575211763381958,6,0
0.10000000000000009,104,0,0.30942440032958984,6,0
2.8999999999999995,151,0,0.4049828052520752,11,0
1.1,137,0,0.3823390007019043,9,0
2.099999999999999,156,0,0.4385256767272949,7,0
0.09999999999999998,195,0,0.5173470973968506,11,0
0.09999999999999998,158,0,0.4469597339630127,2,0
1.1000000000000003,55,0,0.20707941055297852,2,0
3.0,200,0,0.529865026473999,9,0
-0.5,159,0,0.4314429759979248,8,0
-0.29999999999999993,174,0,0.4479210376739502,12,0
1.0000000000000002,163,0,0.43902015686035156,4,0
1.1,168,0,0.49097681045532227,5,0
0.2999999999999999,180,1,0.48896050453186035,2,1
0.10000000000000003,149,0,0.40570974349975586,4,0
1.9999999999999993,192,0,0.49773311614990234,7,0
0.09999999999999998,144,0,0.3921997547149658,1,0
-0.2999999999999998,139,0,0.4268069267272949,3,0
3.999999999999999,160,0,0.44150829315185547,8,0
2.999999999999999,245,0,0.6684901714324951,8,0
0.0,199,0,0.5256154537200928,8,0
1.1000000000000003,175,0,0.44788241386413574,6,0
1.8999999999999997,192,0,0.5515856742858887,7,0
2.099999999999999,190,0,0.5047895908355713,7,0
2.0999999999999996,156,0,0.42397427558898926,9,0
-1.1102230246251565e-16,214,0,0.5697653293609619,10,0
0.9000000000000001,153,0,0.4129939079284668,8,0
1.1,135,0,0.4020121097564697,6,0
0.09999999999999992,160,0,0.4574930667877197,6,0
2.0999999999999996,150,0,0.3892326354980469,6,0
1.1,163,0,0.459364652633667,7,0
2.0999999999999996,237,0,0.6260333061218262,10,0
1.1000000000000003,65,0,0.25765013694763184,3,0
1.6999999999999995,136,0,0.39301466941833496,3,0
0.0,100,1,0.29055190086364746,0,1
3.0999999999999996,183,0,0.513129711151123,4,0
1.8999999999999995,140,0,0.4050135612487793,4,0
0.10000000000000009,191,0,0.49641966819763184,6,0
0.10000000000000009,192,0,0.4966411590576172,12,0
0.09999999999999987,74,0,0.24553203582763672,4,0
2.5,268,0,0.6635289192199707,4,0
1.1000000000000003,152,0,0.38448381423950195,6,0
2.0999999999999996,154,0,0.4066128730773926,8,0
1.7999999999999996,189,0,0.5123603343963623,9,0
2.0000000000000004,197,0,0.5304362773895264,8,0
5.551115123125783e-17,179,0,0.45850419998168945,14,0
3.099999999999999,204,0,0.5607678890228271,9,0
0.09999999999999992,139,0,0.4107034206390381,3,0
1.9999999999999996,196,0,0.4916510581970215,8,0
0.6000000000000001,141,0,0.4033486843109131,5,0
0.10000000000000009,99,0,0.304354190826416,1,0
1.1,142,0,0.3960564136505127,4,0
1.8999999999999997,148,0,0.3961501121520996,8,0
1.1000000000000003,104,0,0.33891987800598145,2,0
5.551115123125783e-17,167,0,0.4356250762939453,4,0
0.10000000000000003,167,0,0.4445464611053467,2,0
0.6000000000000001,241,0,0.6446678638458252,10,0
3.099999999999999,205,0,0.5856060981750488,9,0
-1.1102230246251565e-16,175,0,0.48693037033081055,11,0
3.799999999999999,160,0,0.44235849380493164,8,0
1.0000000000000002,154,0,0.4437398910522461,10,0
2.0,136,0,0.3878467082977295,5,0
2.099999999999999,175,0,0.497880220413208,3,0
1.1,162,0,0.44663119316101074,6,0
4.099999999999999,177,0,0.5028223991394043,9,0
3.099999999999999,174,0,0.47245359420776367,6,0
2.099999999999999,200,0,0.5250792503356934,6,0
-0.9000000000000001,57,1,0.2198338508605957,4,0
1.5000000000000002,222,0,0.5706806182861328,11,0
1.9999999999999993,156,0,0.44591832160949707,4,0
-0.9999999999999998,193,0,0.5413281917572021,6,0
1.0000000000000002,159,0,0.42371249198913574,9,0
1.1000000000000003,175,0,0.4545142650604248,5,0
1.7999999999999996,167,0,0.42117738723754883,4,0
2.999999999999999,134,0,0.3823881149291992,5,0
3.099999999999999,199,0,0.5223217010498047,7,0
-0.9000000000000001,138,1,0.3960227966308594,7,0
1.1,144,0,0.39449167251586914,4,0
0.7000000000000002,159,0,0.4077181816101074,8,0
0.10000000000000003,162,0,0.43652987480163574,6,0
0.09999999999999998,35,0,0.1819472312927246,1,0
0.10000000000000003,182,0,0.4923403263092041,7,0
1.1000000000000003,187,0,0.5356323719024658,7,0
-0.10000000000000014,127,0,0.3600342273712158,4,0
1.1000000000000003,172,0,0.47159671783447266,9,0
1.1,223,0,0.5612082481384277,8,0
1.1000000000000003,162,0,0.45363330841064453,10,0
0.10000000000000003,238,0,0.6394946575164795,8,0
2.099999999999999,126,0,0.3681905269622803,6,0
2.099999999999999,185,0,0.4966092109680176,6,0
-0.30000000000000004,156,0,0.43438220024108887,6,0
0.0,105,0,0.3140716552734375,8,0
-1.0,55,1,0.22413229942321777,5,0
-0.8999999999999999,81,1,0.25763368606567383,4,0
0.10000000000000003,149,0,0.4096345901489258,7,0
3.099999999999999,164,0,0.44234228134155273,5,0
1.0000000000000002,175,0,0.464946985244751,6,0
2.0,158,0,0.43732666969299316,6,0
2.999999999999999,216,0,0.5656473636627197,14,0
-0.3000000000000001,148,0,0.40162062644958496,7,0
-1.0,38,1,0.18262624740600586,1,0
1.1000000000000003,187,0,0.5140502452850342,9,0
1.8999999999999997,151,0,0.426114559173584,9,0
5.551115123125783e-17,196,0,0.48662877082824707,4,0
5.551115123125783e-17,210,0,0.5221765041351318,6,0
-0.09999999999999998,159,0,0.4223668575286865,12,0
0.09999999999999992,145,0,0.405109167098999,2,0
1.1,138,0,0.39713239669799805,1,0
0.10000000000000003,191,0,0.5311768054962158,8,0
2.8,185,0,0.5270695686340332,15,0
1.0000000000000002,198,0,0.5148305892944336,9,0
4.099999999999999,231,0,0.620450496673584,14,0
1.8,145,0,0.40819334983825684,4,0
1.0000000000000002,141,0,0.3852424621582031,5,0
0.09999999999999992,199,0,0.5608799457550049,9,0
1.1000000000000003,192,0,0.5338561534881592,10,0
1.0000000000000004,214,0,0.5958154201507568,5,0
2.099999999999999,181,0,0.4389073848724365,9,0
1.0000000000000004,166,0,0.45261168479919434,13,0
0.6000000000000001,180,1,0.468181848526001,2,1
0.10000000000000003,212,0,0.5275712013244629,6,0
0.09999999999999992,157,0,0.4127671718597412,2,0
0.09999999999999992,213,0,0.5581305027008057,13,0
-0.9000000000000001,28,1,0.1633739471435547,1,0
0.6000000000000003,152,0,0.40261006355285645,3,0
1.8,149,0,0.4171295166015625,11,0
-0.29999999999999993,197,0,0.4932718276977539,8,0
2.099999999999999,191,0,0.5237009525299072,6,0
0.10000000000000003,149,0,0.39986252784729004,7,0
0.09999999999999981,200,0,0.5368125438690186,5,0
1.0,177,0,0.48331356048583984,9,0
2.099999999999999,277,0,0.7005374431610107,15,0
1.7999999999999996,183,0,0.48458290100097656,10,0
1.7999999999999996,203,0,0.5281827449798584,4,0
1.1000000000000003,187,0,0.4845900535583496,8,0
0.10000000000000009,169,0,0.4375178813934326,9,0
1.4999999999999998,177,0,0.490462064743042,5,0
-0.19999999999999984,162,0,0.44658923149108887,5,0
2.8999999999999995,200,0,0.5470390319824219,9,0
3.099999999999999,355,0,0.9086291790008545,17,0
0.7000000000000002,141,0,0.39189910888671875,2,0
1.1,191,0,0.530372142791748,11,0
2.8999999999999995,156,0,0.46041226387023926,10,0
-1.6653345369377348e-16,163,0,0.41999340057373047,9,0
-1.0000000000000002,94,1,0.3079357147216797,2,0
1.1000000000000003,86,0,0.28980231285095215,5,0
2.099999999999999,146,0,0.4062950611114502,7,0
0.10000000000000003,137,0,0.39278244972229004,4,0
0.10000000000000009,153,0,0.405928373336792,9,0
0.10000000000000009,93,0,0.29778552055358887,5,0
-0.19999999999999984,157,0,0.4160141944885254,7,0
0.09999999999999992,170,0,0.4440338611602783,6,0
0.09999999999999992,152,0,0.42610859870910645,3,0
2.099999999999999,182,0,0.47780537605285645,8,0
1.0000000000000004,157,0,0.4266774654388428,5,0
0.09999999999999992,167,0,0.4577183723449707,4,0
2.0999999999999996,183,0,0.4992082118988037,5,0
1.9999999999999996,155,0,0.4272947311401367,10,0
0.09999999999999992,183,0,0.4758751392364502,7,0
3.0999999999999996,152,0,0.44379353523254395,6,0
-0.4999999999999999,170,0,0.43552207946777344,8,0
1.0000000000000004,82,0,0.28255319595336914,7,0
1.1,196,0,0.5447220802307129,10,0
-5.551115123125783e-17,124,0,0.3740410804748535,8,0
-0.20000000000000026,249,0,0.6974518299102783,9,0
0.10000000000000009,181,0,0.4800097942352295,10,0
-0.2,188,0,0.49528050422668457,10,0
-0.49999999999999994,151,0,0.43451642990112305,5,0
1.5000000000000002,169,0,0.4546530246734619,3,0
-0.29999999999999993,158,0,0.4293341636657715,4,0
5.551115123125783e-17,174,0,0.4317033290863037,5,0
-0.9000000000000001,30,1,0.16017985343933105,1,0
2.0,149,0,0.4265420436859131,11,0
0.10000000000000009,185,0,0.44211530685424805,11,0
-1.6653345369377348e-16,149,0,0.4145691394805908,11,0
1.7999999999999996,176,0,0.48386669158935547,7,0
-1.1102230246251565e-16,125,0,0.3693699836730957,3,0
0.09999999999999992,78,0,0.281024694442749,3,0
-0.19999999999999984,147,0,0.40791797637939453,9,0
0.09999999999999998,182,0,0.4880819320678711,10,0
5.551115123125783e-17,170,0,0.5108821392059326,7,0
-0.19999999999999996,184,0,0.47262024879455566,8,0
1.1000000000000003,173,0,0.4748387336730957,8,0
2.0,180,1,0.4629828929901123,1,1
-0.3999999999999999,229,0,0.6097946166992188,6,0
0.0,202,0,0.496868371963501,4,0
-0.19999999999999984,164,0,0.4497218132019043,5,0
0.09999999999999992,196,0,0.48154520988464355,4,0
2.9,191,0,0.5458922386169434,13,0
1.0000000000000002,181,0,0.5037407875061035,4,0
0.10000000000000009,210,0,0.5422849655151367,5,0
2.099999999999999,161,0,0.424593448638916,4,0
1.9999999999999998,141,0,0.40828514099121094,9,0
1.1,58,0,0.22148776054382324,3,0
0.09999999999999998,89,0,0.2797412872314453,3,0
2.5999999999999996,173,0,0.45725488662719727,11,0
3.099999999999999,152,0,0.4258735179901123,5,0
2.0999999999999996,161,0,0.4433302879333496,6,0
0.10000000000000009,180,0,0.4696974754333496,4,0
0.10000000000000003,162,0,0.44069814682006836,5,0
1.9999999999999998,261,0,0.7315785884857178,10,0
1.9999999999999993,208,0,0.5771410465240479,8,0
3.0999999999999996,184,0,0.49025797843933105,14,0
1.1000000000000003,183,0,0.5035955905914307,10,0
1.9999999999999998,124,0,0.381122350692749,3,0
0.0,134,0,0.4040663242340088,8,0
0.10000000000000003,73,0,0.25751423835754395,4,0
2.0999999999999996,134,0,0.3803880214691162,5,0
3.0,180,1,0.5060420036315918,2,1
0.0,207,0,0.5391740798950195,7,0
3.099999999999999,175,0,0.470491886138916,9,0
1.9999999999999998,188,0,0.5272393226623535,6,0
0.0,203,0,0.5456018447875977,11,0
0.9000000000000001,151,0,0.42279529571533203,9,0
3.099999999999999,141,0,0.3849616050720215,5,0
2.8,218,0,0.5397195816040039,7,0
5.551115123125783e-17,138,0,0.37644314765930176,3,0
0.0,74,0,0.2555398941040039,2,0
0.09999999999999992,182,0,0.5151627063751221,6,0
0.10000000000000009,187,0,0.4800097942352295,13,0
2.099999999999999,153,0,0.44628477096557617,8,0
0.10000000000000009,154,0,0.3983490467071533,6,0
2.099999999999999,183,0,0.46753787994384766,7,0
1.0000000000000002,141,0,0.41098880767822266,6,0
2.3,180,1,0.49197983741760254,2,1
-0.9000000000000001,57,1,0.22786593437194824,2,0
0.09999999999999992,171,0,0.4813573360443115,5,0
2.5,162,0,0.424144983291626,6,0
5.551115123125783e-17,191,0,0.47931504249572754,7,0
3.0999999999999996,157,0,0.4475290775299072,6,0
0.8999999999999998,196,0,0.5103025436401367,12,0
2.099999999999999,183,0,0.48065853118896484,4,0
1.1000000000000003,179,0,0.4740126132965088,8,0
1.1000000000000003,187,0,0.5206575393676758,8,0
-1.1102230246251565e-16,208,0,0.5346083641052246,3,0
3.099999999999999,189,0,0.5058043003082275,12,0
1.7999999999999996,167,0,0.4508974552154541,12,0
1.1,176,0,0.44791078567504883,3,0
2.099999999999999,177,0,0.4762845039367676,8,0
2.0999999999999996,152,0,0.42501187324523926,9,0
0.09999999999999992,148,0,0.38800477981567383,4,0
1.8999999999999997,191,0,0.5307080745697021,6,0
0.9000000000000001,156,0,0.4302065372467041,4,0
1.0000000000000002,163,0,0.4437284469604492,6,0
1.9999999999999993,162,0,0.4346799850463867,7,0
3.0999999999999996,225,0,0.6007568836212158,7,0
-0.3999999999999999,141,0,0.3785707950592041,3,0
1.7999999999999996,161,0,0.4615504741668701,15,0
-0.39999999999999997,164,0,0.46369481086730957,7,0
0.6000000000000001,163,0,0.41818833351135254,6,0
-1.6653345369377348e-16,145,0,0.4019958972930908,2,0
0.09999999999999998,160,0,0.44057345390319824,7,0
1.0000000000000002,196,0,0.4754750728607178,10,0
0.09999999999999998,215,0,0.5769937038421631,4,0
2.0,105,0,0.31302714347839355,9,0
1.7999999999999996,221,0,0.6040856838226318,12,0
1.7999999999999996,171,0,0.4149022102355957,5,0
3.0999999999999996,160,0,0.43833279609680176,6,0
0.09999999999999992,145,0,0.41266703605651855,5,0
2.0999999999999996,277,0,0.7163352966308594,9,0
1.1000000000000003,186,0,0.4883463382720947,10,0
-1.1,40,1,0.17907953262329102,0,0
4.0,236,0,0.6505923271179199,12,0
0.0,159,0,0.44623351097106934,3,0
-0.09999999999999992,168,0,0.4629678726196289,8,0
1.0000000000000002,138,0,0.38507723808288574,7,0
0.10000000000000003,201,0,0.56365966796875,11,0
3.099999999999999,181,0,0.4848642349243164,10,0
2.0999999999999996,148,0,0.3990590572357178,5,0
0.10000000000000003,146,0,0.4007089138031006,8,0
3.0999999999999996,154,0,0.4256591796875,6,0
0.09999999999999998,164,0,0.43630313873291016,9,0
1.0,184,0,0.46462154388427734,6,0
0.09999999999999998,184,0,0.49372029304504395,7,0
-0.09999999999999987,148,0,0.4222273826599121,3,0
0.10000000000000003,143,0,0.39673471450805664,4,0
-1.4,141,1,0.39247679710388184,5,0
1.1000000000000003,152,0,0.41686320304870605,5,0
0.0,66,0,0.23656511306762695,4,0
1.9999999999999998,172,0,0.4587087631225586,11,0
0.09999999999999992,157,0,0.40366029739379883,3,0
2.7999999999999994,238,0,0.6499574184417725,11,0
2.099999999999999,165,0,0.45957016944885254,8,0
1.1102230246251565e-16,192,0,0.5053024291992188,3,0
0.10000000000000009,140,0,0.37165212631225586,7,0
2.099999999999999,220,0,0.5194778442382812,11,0
0.10000000000000003,146,0,0.42827749252319336,6,0
2.0999999999999996,148,0,0.41379213333129883,5,0
-1.1102230246251565e-16,59,0,0.2159583568572998,1,0
5.551115123125783e-17,150,0,0.39678454399108887,4,0
5.551115123125783e-17,157,0,0.4541487693786621,7,0
0.09999999999999998,214,0,0.5729305744171143,4,0
1.0000000000000002,224,0,0.6030006408691406,11,0
0.8000000000000003,207,0,0.5461311340332031,5,0
0.7000000000000004,145,0,0.4011108875274658,7,0
0.10000000000000009,130,0,0.39300060272216797,5,0
1.8,163,0,0.4631474018096924,9,0
0.09999999999999992,161,0,0.4273529052734375,3,0
1.5999999999999999,208,0,0.5517175197601318,8,0
-0.3999999999999999,151,0,0.41894006729125977,6,0
0.10000000000000003,162,0,0.43542909622192383,8,0
0.09999999999999998,181,0,0.5057673454284668,3,0
2.099999999999999,204,0,0.5581519603729248,8,0
-1.0000000000000002,63,1,0.24232697486877441,0,0
3.0999999999999996,154,0,0.4002685546875,6,0
1.9999999999999998,182,0,0.49976611137390137,6,0
0.09999999999999998,150,0,0.3954157829284668,9,0
0.09999999999999981,75,0,0.27391743659973145,3,0
2.099999999999999,228,0,0.5676436424255371,4,0
1.1102230246251565e-16,207,0,0.5372402667999268,10,0
2.8999999999999995,179,0,0.4840688705444336,9,0
2.0,171,0,0.46434545516967773,10,0
0.09999999999999992,182,0,0.4530346393585205,7,0
1.9999999999999998,146,0,0.40032267570495605,5,0
0.5,278,0,0.705575704574585,12,0
3.099999999999999,187,0,0.507845401763916,8,0
1.9999999999999993,244,0,0.7097961902618408,11,0
1.1,41,0,0.19060993194580078,3,0
-0.19999999999999996,165,0,0.436342716217041,6,0
0.09999999999999987,135,0,0.39355945587158203,4,0
-0.09999999999999998,144,0,0.3564763069152832,3,0
0.09999999999999992,151,0,0.44771265983581543,3,0
2.099999999999999,230,0,0.6341490745544434,9,0
0.09999999999999998,195,0,0.5172097682952881,7,0
0.6000000000000003,241,0,0.6246263980865479,11,0
0.10000000000000009,133,0,0.3878481388092041,3,0
1.1,127,0,0.3730025291442871,5,0
1.5999999999999999,144,0,0.39967894554138184,8,0
-0.3,172,0,0.4748866558074951,8,0
2.0999999999999996,150,0,0.44301700592041016,6,0
1.1000000000000003,185,0,0.455186128616333,7,0
3.099999999999999,210,0,0.5691556930541992,10,0
0.10000000000000003,186,0,0.5166621208190918,5,0
0.10000000000000003,149,0,0.43547916412353516,8,0
-0.2999999999999999,195,0,0.5254364013671875,5,0
3.099999999999999,215,0,0.5835795402526855,10,0
0.10000000000000006,158,0,0.44980549812316895,7,0
1.9999999999999998,154,0,0.4193003177642822,8,0
0.8999999999999999,251,0,0.6835000514984131,7,0
1.0,168,0,0.4413115978240967,8,0
3.099999999999999,249,0,0.6807198524475098,8,0
0.09999999999999992,150,0,0.42983293533325195,8,0
1.0000000000000004,151,0,0.4261512756347656,8,0
1.1,159,0,0.4311068058013916,6,0
-1.0,49,1,0.20967864990234375,6,0
0.1,287,0,0.7442653179168701,15,0
-0.5,168,0,0.44461631774902344,7,0
3.099999999999999,189,0,0.549271821975708,14,0
2.099999999999999,185,0,0.4997220039367676,8,0
1.5999999999999999,148,0,0.39136362075805664,8,0
1.9999999999999993,196,0,0.5053009986877441,10,0
2.9999999999999996,164,0,0.4549980163574219,12,0
1.1,200,0,0.5376904010772705,7,0
1.5999999999999992,156,0,0.42696046829223633,5,0
1.1000000000000003,153,0,0.4250915050506592,9,0
0.09999999999999992,130,0,0.3590404987335205,7,0
2.099999999999999,176,0,0.47484326362609863,8,0
-1.6653345369377348e-16,126,0,0.3559582233428955,6,0
1.5999999999999994,195,0,0.5200304985046387,15,0
5.551115123125783e-17,171,0,0.4596517086029053,9,0
1.9999999999999998,194,0,0.5227439403533936,5,0
1.9999999999999998,140,0,0.40982508659362793,4,0
1.1,165,0,0.41861796379089355,8,0
0.10000000000000009,208,0,0.5571103096008301,5,0
3.9999999999999996,195,0,0.5447895526885986,11,0
0.10000000000000003,162,0,0.4230165481567383,7,0
1.1,146,0,0.3942289352416992,7,0
0.09999999999999992,130,0,0.3540482521057129,4,0
1.1,143,0,0.3988018035888672,8,0
1.0,158,0,0.44202184677124023,4,0
1.9999999999999998,170,0,0.45467376708984375,8,0
1.1000000000000003,167,0,0.45841264724731445,4,0
2.0999999999999996,167,0,0.4722168445587158,7,0
1.0000000000000002,223,0,0.589869499206543,9,0
0.0,140,0,0.3822052478790283,5,0
0.09999999999999998,183,0,0.4668850898742676,5,0
5.551115123125783e-17,157,0,0.40345215797424316,5,0
0.09999999999999998,176,0,0.46900248527526855,6,0
0.10000000000000003,163,0,0.42566895484924316,4,0
1.7999999999999998,233,0,0.6505086421966553,9,0
0.10000000000000003,204,0,0.523390531539917,11,0
1.9999999999999998,153,0,0.4273650646209717,9,0
1.1000000000000003,207,0,0.5843982696533203,6,0
0.09999999999999992,171,0,0.46413731575012207,8,0
1.0000000000000002,197,0,0.5586247444152832,6,0
2.099999999999999,136,0,0.38433218002319336,6,0
4.1000000000000005,329,0,0.894770622253418,10,0
1.5999999999999994,150,0,0.3975048065185547,8,0
-0.3999999999999999,163,0,0.4213554859161377,6,0
2.099999999999999,159,0,0.4205005168914795,4,0
0.10000000000000009,146,0,0.3968350887298584,1,0
-0.19999999999999996,145,0,0.39818525314331055,2,0
-0.49999999999999994,226,0,0.6086204051971436,8,0
-0.19999999999999996,213,0,0.5948402881622314,7,0
1.4999999999999993,205,0,0.5267202854156494,7,0
0.10000000000000009,138,0,0.3817119598388672,8,0
0.10000000000000003,177,0,0.47594738006591797,7,0
1.9999999999999998,161,0,0.41458654403686523,9,0
1.1,178,0,0.45917582511901855,8,0
0.6000000000000003,172,0,0.4623079299926758,4,0
-8.326672684688674e-17,181,0,0.485105037689209,9,0
1.1,140,0,0.39337849617004395,3,0
1.7999999999999996,152,0,0.430159330368042,6,0
0.09999999999999998,148,0,0.3942444324493408,7,0
2.0,264,0,0.6540493965148926,9,0
2.999999999999999,311,0,0.8374576568603516,14,0
1.9999999999999993,237,0,0.6416702270507812,8,0
1.0,142,0,0.3923647403717041,4,0
0.10000000000000006,174,0,0.4731442928314209,12,0
-0.29999999999999993,141,0,0.4061892032623291,11,0
1.9999999999999998,253,0,0.6722173690795898,10,0
0.09999999999999992,156,0,0.42911362648010254,3,0
1.0000000000000002,156,0,0.42795825004577637,8,0
-0.29999999999999993,198,0,0.49356651306152344,8,0
2.099999999999999,439,0,1.0305440425872803,26,0
0.09999999999999992,156,0,0.43799662590026855,7,0
2.0999999999999996,152,0,0.44188833236694336,7,0
-0.10000000000000009,151,0,0.4044501781463623,3,0
2.0999999999999996,161,0,0.42308568954467773,14,0
1.1,139,0,0.4029669761657715,4,0
5.551115123125783e-17,140,0,0.3834381103515625,4,0
-0.2,150,0,0.4152870178222656,4,0
1.7999999999999996,179,0,0.5000159740447998,12,0
3.0999999999999996,154,0,0.4564235210418701,6,0
0.7000000000000002,144,0,0.4095125198364258,2,0
-0.39999999999999997,191,0,0.5241842269897461,10,0
3.999999999999999,188,0,0.5249826908111572,10,0
0.7000000000000002,153,0,0.4165928363800049,6,0
1.1,190,0,0.5346508026123047,7,0
1.9999999999999996,155,0,0.41574835777282715,6,0
1.1000000000000003,181,0,0.45537662506103516,5,0
1.9999999999999998,162,0,0.44478297233581543,10,0
5.551115123125783e-17,165,0,0.4612867832183838,9,0
3.099999999999999,170,0,0.4261941909790039,7,0
1.1000000000000003,187,0,0.5057203769683838,11,0
3.899999999999999,191,0,0.5022327899932861,7,0
2.0999999999999996,164,0,0.47617530822753906,11,0
0.10000000000000003,145,0,0.35871267318725586,3,0
0.5999999999999999,291,0,0.753159761428833,10,0
0.8000000000000002,156,0,0.4053483009338379,6,0
3.5999999999999996,126,0,0.37405896186828613,5,0
0.09999999999999992,171,0,0.4253396987915039,6,0
0.0,194,0,0.5667736530303955,7,0
0.7000000000000002,139,0,0.40420055389404297,9,0
1.1000000000000003,51,0,0.20578289031982422,2,0
1.0999999999999999,193,0,0.4918389320373535,10,0
-1.0,106,1,0.2967205047607422,3,0
3.099999999999999,233,0,0.6393773555755615,13,0
0.09999999999999998,237,0,0.621861457824707,12,0
2.099999999999999,165,0,0.45906710624694824,13,0
-0.6999999999999998,159,0,0.44134020805358887,8,0
0.7000000000000002,227,0,0.572176456451416,6,0
1.1,160,0,0.44106078147888184,8,0
1.9999999999999993,218,0,0.5930154323577881,6,0
0.0,100,1,0.2950782775878906,0,1
2.0999999999999996,190,0,0.5382142066955566,6,0
1.1000000000000003,170,0,0.47971272468566895,11,0
-1.0,73,1,0.23394370079040527,3,0
1.1,172,0,0.4543647766113281,9,0
-0.19999999999999996,50,0,0.19646120071411133,4,0
-0.39999999999999997,145,0,0.40610313415527344,5,0
3.099999999999999,166,0,0.42450571060180664,6,0
5.551115123125783e-17,165,0,0.4482417106628418,2,0
4.099999999999999,172,0,0.47749996185302734,12,0
0.8000000000000004,236,0,0.6009783744812012,8,0
2.0999999999999996,151,0,0.426926851272583,5,0
0.09999999999999998,214,0,0.5564568042755127,4,0
1.1000000000000003,159,0,0.4152867794036865,7,0
0.10000000000000003,163,0,0.4378025531768799,9,0
3.099999999999999,185,0,0.5062716007232666,10,0
2.5999999999999996,181,0,0.5107073783874512,9,0
0.10000000000000009,167,0,0.4732699394226074,4,0
1.1,65,0,0.24569177627563477,3,0
2.099999999999999,176,0,0.4728672504425049,7,0
0.10000000000000009,169,0,0.44997096061706543,8,0
1.0000000000000004,218,0,0.592559814453125,9,0
1.9999999999999993,274,0,0.7470917701721191,11,0
3.099999999999999,164,0,0.4622197151184082,12,0
1.6999999999999995,152,0,0.4049689769744873,12,0
0.10000000000000003,112,0,0.36373376846313477,5,0
0.09999999999999992,198,0,0.5411298274993896,5,0
2.9999999999999996,196,0,0.5124654769897461,11,0
0.0,87,0,0.2718348503112793,3,0
3.1,135,0,0.41173505783081055,8,0
-5.551115123125783e-17,205,0,0.5379605293273926,6,0
0.09999999999999992,155,0,0.40297961235046387,2,0
0.10000000000000009,165,0,0.48894166946411133,6,0
2.099999999999999,191,0,0.47836804389953613,9,0
2.0999999999999996,193,0,0.5340030193328857,5,0
-0.19999999999999996,144,0,0.37963342666625977,5,0
1.1,178,0,0.4915645122528076,6,0
1.0,180,1,0.4814271926879883,2,1
1.1,219,0,0.6136255264282227,8,0
2.099999999999999,98,0,0.31287717819213867,7,0
4.1,281,0,0.7799074649810791,5,0
3.0999999999999996,162,0,0.449678897857666,8,0
2.0,188,0,0.5074460506439209,8,0
5.551115123125783e-17,250,0,0.6055595874786377,10,0
3.099999999999999,210,0,0.5670669078826904,10,0
0.10000000000000009,185,0,0.4689767360687256,8,0
1.9999999999999993,155,0,0.41129469871520996,5,0
1.1000000000000003,176,0,0.44974517822265625,7,0
3.0999999999999996,131,0,0.37396788597106934,3,0
-0.09999999999999998,184,0,0.461287260055542,6,0
1.1,141,0,0.3869822025299072,3,0
0.5000000000000002,181,0,0.477445125579834,8,0
1.0000000000000002,104,0,0.30800819396972656,5,0
1.0000000000000002,112,0,0.3426229953765869,5,0
1.1102230246251565e-16,158,0,0.4305853843688965,7,0
0.8000000000000003,187,0,0.5033109188079834,5,0
2.9999999999999996,162,0,0.4396798610687256,8,0
2.0999999999999996,146,0,0.39745330810546875,5,0
4.099999999999999,223,0,0.5968954563140869,9,0
0.10000000000000003,178,0,0.4653201103210449,5,0
-0.10000000000000009,148,0,0.4150278568267822,5,0
5.551115123125783e-17,172,0,0.4619786739349365,5,0
1.9999999999999998,224,0,0.564673662185669,14,0
2.999999999999999,241,0,0.6612870693206787,11,0
2.099999999999999,198,0,0.5206570625305176,6,0
-1.2999999999999998,138,1,0.3996617794036865,6,0
2.099999999999999,157,0,0.4306776523590088,5,0
1.1,200,0,0.5237596035003662,8,0
0.6000000000000001,166,0,0.4637887477874756,7,0
1.0000000000000002,232,0,0.5803298950195312,8,0
2.099999999999999,131,0,0.390169620513916,8,0
1.1,142,0,0.38727474212646484,6,0
-0.8999999999999999,145,1,0.40799736976623535,4,0
1.1,168,0,0.4537322521209717,7,0
-0.09999999999999998,175,0,0.48686695098876953,6,0
0.10000000000000003,143,0,0.3845407962799072,4,0
-1.0,96,1,0.31693363189697266,3,0
2.0,248,0,0.6132395267486572,6,0
2.999999999999999,163,0,0.447892427444458,7,0
0.09999999999999998,88,0,0.2848999500274658,4,0
-8.326672684688674e-17,182,0,0.48130130767822266,6,0
-0.3999999999999999,135,0,0.3791525363922119,1,0
0.10000000000000003,162,0,0.43067479133605957,8,0
2.1,170,0,0.457080602645874,10,0
1.1,182,0,0.463930606842041,5,0
0.0,137,0,0.3852400779724121,8,0
2.9999999999999996,178,0,0.5023367404937744,4,0
3.099999999999999,187,0,0.5219569206237793,9,0
-0.19999999999999984,160,0,0.41706395149230957,5,0
0.10000000000000009,213,0,0.5411345958709717,9,0
0.10000000000000003,162,0,0.4344465732574463,8,0
0.09999999999999998,173,0,0.4682493209838867,7,0
4.999999999999999,198,0,0.5580813884735107,4,0
3.0999999999999996,263,0,0.6892826557159424,11,0
3.899999999999999,193,0,0.5351908206939697,10,0
0.10000000000000003,180,0,0.485809326171875,4,0
2.0999999999999996,166,0,0.47873711585998535,11,0
2.1,172,0,0.4576752185821533,10,0
1.1000000000000005,158,0,0.45420265197753906,7,0
1.1000000000000003,183,0,0.46927309036254883,3,0
1.9999999999999993,193,0,0.5217952728271484,6,0
-0.29999999999999993,175,0,0.4558229446411133,7,0
-0.3999999999999999,214,0,0.6137335300445557,11,0
2.0999999999999996,175,0,0.49803662300109863,10,0
1.0,129,0,0.38251209259033203,5,0
0.10000000000000003,161,0,0.4573962688446045,5,0
1.1000000000000003,192,0,0.5396020412445068,4,0
0.0,170,0,0.4196653366088867,5,0
2.1999999999999997,180,1,0.5477883815765381,2,1
0.10000000000000009,166,0,0.4233253002166748,4,0
1.5999999999999994,164,0,0.45587897300720215,9,0
4.099999999999999,215,0,0.600818395614624,8,0
0.09999999999999998,170,0,0.4567735195159912,9,0
1.9999999999999998,143,0,0.3626708984375,4,0
1.0999999999999999,165,0,0.4483191967010498,6,0
1.1000000000000003,113,0,0.33992457389831543,5,0
-0.10000000000000009,158,0,0.418987512588501,3,0
2.999999999999999,150,0,0.4411802291870117,7,0
1.9999999999999993,165,0,0.49240732192993164,11,0
2.1,170,0,0.4552628993988037,6,0
1.0000000000000002,167,0,0.4301290512084961,7,0
1.5999999999999994,154,0,0.40738558769226074,7,0
1.0,233,0,0.5914373397827148,7,0
1.1,153,0,0.3985412120819092,4,0
2.0999999999999996,164,0,0.4416201114654541,3,0
4.099999999999999,173,0,0.47131848335266113,11,0
5.551115123125783e-17,163,0,0.4512014389038086,5,0
4.0,228,0,0.6097900867462158,13,0
1.1000000000000003,167,0,0.41840553283691406,7,0
0.09999999999999992,154,0,0.4474966526031494,9,0
4.7,300,0,0.7784790992736816,13,0
-0.29999999999999993,181,0,0.47716426849365234,10,0
0.10000000000000006,174,0,0.49601006507873535,9,0
-0.9000000000000001,114,1,0.3474407196044922,5,0
0.09999999999999998,169,0,0.4460294246673584,7,0
-0.39999999999999997,151,0,0.4151937961578369,9,0
-0.49999999999999994,146,0,0.4133646488189697,4,0
0.09999999999999987,125,0,0.3640003204345703,5,0
0.09999999999999992,145,0,0.4076690673828125,7,0
0.09999999999999998,173,0,0.4557464122772217,9,0
-0.09999999999999998,200,0,0.5406920909881592,6,0
4.0,243,0,0.6458072662353516,12,0
1.9999999999999998,161,0,0.4480578899383545,6,0
5.551115123125783e-17,171,0,0.49126768112182617,4,0
-0.29999999999999993,163,0,0.4431016445159912,5,0
0.09999999999999992,172,0,0.481731653213501,8,0
0.10000000000000009,210,0,0.5518448352813721,9,0
0.09999999999999998,161,0,0.44590234756469727,6,0
1.9999999999999998,178,0,0.4529592990875244,10,0
3.099999999999999,434,0,1.0518913269042969,23,0
3.099999999999999,236,0,0.6157736778259277,9,0
-5.551115123125783e-17,137,0,0.4263930320739746,6,0
0.09999999999999992,156,0,0.4241139888763428,9,0
-0.19999999999999984,199,0,0.5533537864685059,13,0
-0.20000000000000007,187,0,0.5220730304718018,10,0
1.1,136,0,0.37023186683654785,2,0
2.099999999999999,174,0,0.4991567134857178,10,0
1.1000000000000003,155,0,0.4035146236419678,4,0
1.5999999999999994,196,0,0.5342602729797363,10,0
3.099999999999999,184,0,0.5113837718963623,9,0
1.1000000000000003,194,0,0.5141541957855225,7,0
-8.326672684688674e-17,247,0,0.6326329708099365,13,0
1.7999999999999996,186,0,0.4898860454559326,7,0
2.099999999999999,176,0,0.4740748405456543,6,0
2.099999999999999,180,0,0.49394726753234863,11,0
1.1000000000000003,188,0,0.5001571178436279,10,0
-1.1102230246251565e-16,128,0,0.383420467376709,5,0
1.1,191,0,0.5244438648223877,4,0
3.0999999999999996,149,0,0.394533634185791,10,0
1.1000000000000003,226,0,0.5753993988037109,8,0
-1.2,167,1,0.4740474224090576,5,0
0.7000000000000001,180,1,0.48047876358032227,2,1
0.9000000000000001,139,0,0.4060845375061035,5,0
1.0000000000000002,161,0,0.440509557723999,10,0
-0.09999999999999987,145,0,0.37320756912231445,3,0
2.0999999999999996,180,0,0.46387219429016113,7,0
-0.9000000000000001,125,1,0.3771018981933594,4,0
1.9999999999999998,179,0,0.4588131904602051,7,0
3.8999999999999995,200,0,0.5399594306945801,7,0
-0.10000000000000009,214,0,0.5171103477478027,4,0
4.099999999999999,176,0,0.4509880542755127,7,0
0.09999999999999992,208,0,0.545893669128418,12,0
2.099999999999999,206,0,0.5356192588806152,14,0
-1.0,56,1,0.21082282066345215,2,0
2.6999999999999993,159,0,0.4482114315032959,9,0
-0.8999999999999999,64,1,0.22876906394958496,4,0
5.551115123125783e-17,152,0,0.39522433280944824,9,0
0.09999999999999998,187,0,0.5108025074005127,4,0
1.0000000000000002,212,0,0.5324192047119141,8,0
1.1000000000000003,176,0,0.4829699993133545,4,0
1.0000000000000004,165,0,0.4266526699066162,4,0
1.1,52,0,0.20704174041748047,1,0
1.8999999999999997,201,0,0.5153045654296875,13,0
2.0999999999999996,155,0,0.4248006343841553,6,0
3.099999999999999,171,0,0.44794440269470215,11,0
2.0999999999999996,149,0,0.39551687240600586,7,0
-0.3999999999999999,177,0,0.44856977462768555,7,0
0.6000000000000003,235,0,0.6091992855072021,10,0
0.0,152,0,0.42784786224365234,4,0
1.9999999999999998,183,0,0.49112510681152344,11,0
-0.19999999999999984,146,0,0.42249608039855957,5,0
0.10000000000000009,230,0,0.5591869354248047,8,0
-0.4,147,0,0.40967392921447754,8,0
2.5999999999999996,226,0,0.6025710105895996,10,0
1.9999999999999998,190,0,0.545757532119751,9,0
1.1,178,0,0.4669003486633301,11,0
3.0999999999999996,149,0,0.43252992630004883,10,0
1.1000000000000003,172,0,0.45560240745544434,2,0
1.6000000000000003,144,0,0.4044194221496582,7,0
0.0,197,0,0.48445725440979004,8,0
2.0999999999999996,168,0,0.41745710372924805,10,0
1.1000000000000003,151,0,0.4243912696838379,5,0
2.0999999999999996,168,0,0.4716379642486572,8,0
3.0999999999999996,347,0,0.8536891937255859,17,0
1.7999999999999998,175,0,0.46071648597717285,7,0
4.1,183,0,0.46666812896728516,7,0
-0.9000000000000001,146,1,0.4159986972808838,3,0
0.0,190,0,0.500751256942749,8,0
1.1102230246251565e-16,125,0,0.3684535026550293,8,0
1.0000000000000002,206,0,0.5299341678619385,10,0
-0.19999999999999996,145,0,0.4121279716491699,7,0
2.099999999999999,304,0,0.7777657508850098,9,0
-0.09999999999999987,178,0,0.45795416831970215,3,0
1.5999999999999994,188,0,0.4874138832092285,10,0
2.099999999999999,155,0,0.4222829341888428,4,0
2.099999999999999,216,0,0.5623235702514648,15,0
-1.4,48,1,0.2002410888671875,2,0
2.0999999999999996,136,0,0.39747071266174316,7,0
1.5999999999999994,187,0,0.4939560890197754,4,0
-0.20000000000000018,145,0,0.37178564071655273,6,0
0.09999999999999998,252,0,0.6500189304351807,7,0
4.1,146,0,0.4036691188812256,8,0
0.0,176,0,0.4873013496398926,6,0
2.0999999999999996,170,0,0.47002458572387695,8,0
1.8,171,0,0.48429083824157715,9,0
2.0999999999999996,143,0,0.4200315475463867,7,0
2.7755575615628914e-17,138,0,0.3736546039581299,2,0
1.1,161,0,0.44340014457702637,5,0
0.10000000000000003,165,0,0.43437623977661133,9,0
0.10000000000000009,101,0,0.30644989013671875,4,0
2.099999999999999,177,0,0.4680182933807373,6,0
1.1000000000000003,192,0,0.49747657775878906,13,0
0.7000000000000004,159,0,0.4116940498352051,6,0
1.0000000000000002,144,0,0.40016937255859375,10,0
0.10000000000000003,161,0,0.43526244163513184,6,0
2.099999999999999,161,0,0.45078349113464355,5,0
0.10000000000000009,214,0,0.5364761352539062,6,0
0.5000000000000002,204,0,0.49747586250305176,11,0
-0.9000000000000001,58,1,0.22356295585632324,1,0
1.1,192,0,0.5280072689056396,13,0
2.9999999999999996,199,0,0.5290734767913818,8,0
2.099999999999999,179,0,0.47088027000427246,8,0
1.0000000000000002,222,0,0.5961062908172607,8,0
1.1000000000000003,183,0,0.4999568462371826,7,0
1.9000000000000001,147,0,0.4522101879119873,5,0
1.8999999999999997,201,0,0.5431125164031982,8,0
-1.1102230246251565e-16,167,0,0.4817819595336914,6,0
2.6999999999999997,180,0,0.4656832218170166,8,0
5.551115123125783e-17,172,0,0.45632481575012207,9,0
1.1,298,0,0.6736891269683838,8,0
1.0999999999999999,143,0,0.39530086517333984,8,0
0.8000000000000003,146,0,0.4457247257232666,5,0
-0.3999999999999999,175,0,0.44490957260131836,4,0
3.099999999999999,104,0,0.3022775650024414,5,0
0.10000000000000009,166,0,0.48935985565185547,6,0
2.099999999999999,151,0,0.4040219783782959,4,0
2.0999999999999996,154,0,0.43976521492004395,8,0
1.1000000000000003,181,0,0.4834175109863281,12,0
0.10000000000000009,155,0,0.38976573944091797,4,0
2.099999999999999,182,0,0.483212947845459,8,0
0.10000000000000003,176,0,0.44400715827941895,7,0
0.10000000000000009,132,0,0.3714423179626465,6,0
2.099999999999999,144,0,0.3855462074279785,8,0
1.1000000000000003,188,0,0.4875979423522949,4,0
-0.29999999999999993,153,0,0.41327881813049316,8,0
1.1000000000000003,182,0,0.48765993118286133,8,0
0.7000000000000002,156,0,0.404158353805542,8,0
0.0,191,0,0.4716036319732666,5,0
2.0999999999999996,184,0,0.4555025100708008,9,0
0.09999999999999998,194,0,0.5079882144927979,10,0
2.0999999999999996,143,0,0.41017699241638184,9,0
2.0999999999999996,212,0,0.5806834697723389,4,0
1.0000000000000002,177,0,0.44732022285461426,6,0
4.099999999999999,175,0,0.5028336048126221,7,0
1.1102230246251565e-16,158,0,0.4397084712982178,2,0
-2.220446049250313e-16,191,0,0.5149307250976562,14,0
0.10000000000000003,156,0,0.4285717010498047,3,0
1.0999999999999999,156,0,0.4329805374145508,9,0
1.9999999999999998,108,0,0.34631967544555664,5,0
0.10000000000000009,153,0,0.41731715202331543,5,0
0.0,180,0,0.49320149421691895,13,0
3.999999999999999,171,0,0.4812605381011963,8,0
0.10000000000000009,146,0,0.40825867652893066,6,0
2.099999999999999,163,0,0.46611952781677246,8,0
1.1000000000000003,150,0,0.3902120590209961,8,0
0.10000000000000003,161,0,0.43268847465515137,2,0
-2.220446049250313e-16,139,0,0.3912997245788574,4,0
0.10000000000000009,177,0,0.48637866973876953,5,0
-0.9000000000000001,79,1,0.24924182891845703,3,0
-0.5000000000000001,140,0,0.4055440425872803,8,0
1.1,167,0,0.4498419761657715,7,0
0.10000000000000009,145,0,0.41259217262268066,5,0
