slip,pen,steps,failure
0.0,-5,8,False
0.05,-5,10,False
0.1,-5,19,False
0.15,-5,21,True
0.0,-10,15,False
0.05,-10,17,False
0.1,-10,15,False
0.15,-10,20,True
0.0,-15,13,False
0.05,-15,13,False
0.1,-15,13,True
0.15,-15,19,False
0.1196126863249873,-10,18,True
0.05819797201429835,-10,10,True
0.10495595336248782,-10,14,True
0.07023263941319537,-5,10,False
0.13086197647300526,-10,14,False
0.08478177299358572,-15,13,False
0.04595715554044344,-5,14,False
0.06167414487695236,-10,15,False
0.08577698996794793,-15,21,True
0.09742891931240537,-10,14,False
0.14795443525453217,-15,16,False
0.08441933028123767,-10,15,False
0.03670527677244878,-10,8,False
0.13863251433653187,-5,11,False
0.07257920254359304,-10,15,False
0.05606301306344298,-15,12,False
0.05852560729075846,-15,14,True
0.06549218433025895,-5,19,True
0.10274051223619639,-10,12,True
0.07745494778228053,-5,11,False
0.1001042696237712,-10,16,False
0.029045013807032064,-5,16,False
0.02436903207552496,-10,14,False
0.1344296697419093,-10,16,True
0.12818197526029346,-5,18,False
0.14567616077099374,-5,18,False
0.14588676264892136,-5,14,True
0.13608985692222264,-5,13,True
0.08425083106493363,-10,17,False
0.10042050058778987,-10,12,False
0.10674115914075437,-15,18,True
0.10581490435461043,-10,12,False
0.06656074161167465,-5,14,False
0.13250797305735335,-5,18,True
0.01772333249166815,-10,16,False
0.035495511095028985,-15,9,False
0.048213191671750595,-15,15,False
0.03904247957475352,-10,15,False
0.1251634268766517,-5,17,False
0.03496411062930845,-5,13,False
0.0380180540805547,-10,14,False
0.1214697494060647,-15,15,True
0.0048096782226256735,-10,11,False
0.1038504247364585,-10,15,False
0.12129120478641847,-10,13,False
0.045058470593995675,-10,13,False
0.0805513628523833,-5,13,False
0.028025174990162903,-5,13,False
0.12323105732949238,-10,18,False
0.09473302281629363,-15,13,False
0.08555643005232354,-10,11,False
0.11012243959562262,-5,14,False
0.13046987303883242,-5,17,False
0.14540575165948105,-15,10,False
0.0670937309808942,-10,12,False
0.13673694018783283,-5,12,False
0.003005157611582271,-5,9,False
0.10981473837016974,-10,17,False
0.1170659459866766,-10,12,True
0.10004542943223095,-15,13,False
0.00482437124655754,-15,12,False
0.02689691592372086,-15,15,False
0.0830557084333058,-10,7,False
0.041949211052247914,-10,13,False
0.010715757451324248,-15,16,False
0.13542405175902325,-5,17,False
0.09713738164064675,-5,18,True
0.04505448353566705,-10,17,False
0.04191527554703447,-5,17,True
0.08314428172631351,-10,14,False
0.00586872072295797,-15,15,False
0.12972057131102563,-10,19,True
0.021255575704105776,-10,10,False
0.03454720130847683,-10,14,False
0.06349327326297545,-5,15,False
0.05390027990808895,-10,14,False
0.1485247818383108,-5,20,False
0.13541106916380022,-15,15,True
0.14523526852892557,-15,20,True
0.14967545944373423,-5,24,True
0.07439037518225691,-10,17,False
0.04672431370914029,-15,15,False
0.014949242033316084,-10,10,False
0.11778630325295374,-5,10,False
0.10145843541126516,-10,15,False
0.004027190162349953,-15,13,False
0.03834630439631626,-10,13,False
0.029918799882623907,-15,16,False
0.06362334136785254,-10,13,False
0.02138953179953899,-15,19,False
0.018752053517371463,-15,13,False
0.11295153010314384,-15,10,False
0.07767620829102986,-5,18,False
0.03794407416864435,-5,14,False
0.07834184794334191,-5,23,True
0.003605783385878752,-10,13,False
0.09777974215007812,-10,20,True
0.06690559915012934,-10,19,True
0.10364326802539085,-15,10,False
0.004080376307321353,-10,13,False
0.14713765922682479,-5,16,False
0.024598195793830574,-5,15,False
0.12498326570572507,-15,11,False
0.003046570175002683,-15,14,False
0.07917658673104756,-10,17,False
0.016378349460527197,-15,17,False
0.0023542403013669722,-5,12,False
0.026311693748311653,-5,14,False
0.11384016093405801,-5,18,True
0.015599335547000341,-5,10,False
0.1346110453788538,-15,21,True
0.11890506758419779,-10,16,True
0.14662114174508553,-10,16,True
0.08263430636543545,-15,15,False
0.08740857609258737,-10,16,False
0.08006645906025564,-5,11,False
0.033793333779381644,-15,12,False
0.11139476202197152,-15,18,True
0.0800453446855564,-5,15,False
0.0787827377446351,-10,20,True
0.13324662332236986,-15,10,True
0.10157399368834812,-10,11,True
0.08729547112677213,-5,15,False
0.025849185351108753,-10,13,False
0.13805645254822374,-15,16,True
0.031121599148470628,-15,17,False
0.043118567025612446,-10,20,False
0.1254586590429458,-15,17,True
0.05458793652067132,-10,16,False
0.0209105163017257,-15,14,False
0.03666591689575398,-15,12,False
0.13600247079724387,-15,21,True
0.06983932572568863,-10,12,False
0.09805801391399711,-15,14,False
0.06639075446713999,-15,14,False
0.11483850956865903,-10,13,True
0.13187801169783842,-10,16,True
0.12907349141949725,-5,21,True
0.06656390666705032,-10,12,True
0.12955446885040384,-10,13,True
0.14260321022094427,-15,16,False
0.13774541130146592,-5,24,True
0.12662106900382122,-10,12,False
0.05824466669228085,-15,16,False
0.055818029401204304,-10,13,False
0.07848472917982978,-15,11,False
0.1263162933193913,-15,17,False
0.08284016286754017,-15,11,False
0.14047248720256125,-5,13,False
0.06036460884716879,-15,16,True
0.10136771305068472,-10,12,True
0.11914210760440117,-10,16,False
0.1330004634978312,-15,11,False
0.10547078149312213,-15,14,False
0.11116182068141939,-15,21,True
0.030540407360198224,-5,10,False
0.05918088123636382,-15,14,False
0.11727602867594816,-5,12,False
0.03437778591467951,-15,6,False
0.09779315174762554,-10,18,False
0.06329732491598566,-5,18,False
0.1093370633157118,-15,10,False
0.08190818886548466,-15,14,False
0.05947131430850813,-15,16,False
0.10660318193381975,-15,13,True
0.13745476601135934,-10,19,True
0.06807238705865556,-5,8,False
0.022624415649154295,-15,15,False
0.03371381669080329,-5,15,False
0.05482931953609187,-5,15,False
0.01920240978051545,-15,11,False
0.04783159263092721,-15,13,False
0.144958509909726,-5,16,False
0.011638267753404702,-5,14,False
0.07130405361834737,-5,16,False
0.04217295211708947,-10,14,False
0.08443968472576739,-10,19,True
0.043918414523016654,-10,17,False
0.14647607854509387,-5,17,True
0.047539350492335423,-10,10,False
0.1404715180061471,-15,11,False
0.093405059434941,-5,15,False
0.058875647594371604,-10,12,False
0.02405488648573611,-15,8,False
0.041844815579745134,-15,16,True
0.09583166346393009,-10,19,True
0.011814139956955483,-15,15,False
0.10886347828574604,-15,11,False
0.03266865000185689,-5,10,False
0.09478345083027814,-15,12,False
0.11915495976333518,-5,15,False
0.01955475362653365,-15,12,False
0.13204465761278114,-5,15,False
0.1424004462787386,-15,13,True
0.05655545372763791,-10,14,False
0.05148728923481149,-15,15,False
0.1127446190350901,-10,13,False
0.0347118933265723,-15,16,False
0.135646555798091,-10,11,False
0.02275242725500155,-10,13,False
0.025287300524642915,-5,12,False
0.027978274465031504,-10,12,False
0.015001857053483536,-15,18,True
0.06381227406607443,-10,12,False
0.09584184327830887,-15,10,False
0.06425135854850485,-10,10,False
0.05506713848004147,-15,10,False
0.02490966666029107,-15,9,False
0.005597799536259662,-15,8,False
0.0722862407204738,-15,15,False
0.14846616235201343,-15,11,False
0.04340671513078918,-10,13,False
0.010924909348498307,-15,15,False
0.025743502782684717,-10,14,False
0.057502745139783366,-5,8,False
0.0810002344673078,-5,15,False
0.06813435865608021,-10,12,False
0.1157159653641541,-15,20,True
0.04277344331125271,-10,7,False
0.09732724930417722,-5,11,False
0.05165570856068015,-10,17,False
0.02543790012310701,-10,11,False
0.06938747799741708,-15,13,False
0.01728888435390552,-5,17,False
0.12454269095437195,-15,13,False
0.019950603148148675,-15,17,False
0.008331543505885585,-10,15,False
0.043599939239906585,-10,15,False
0.08489922574037877,-10,7,False
0.020441595730397517,-10,15,False
0.063895954832987,-15,18,False
0.05293843396396525,-15,13,False
0.01600235962226027,-10,11,False
0.012162651189942975,-10,11,False
0.005614796617960521,-5,16,False
0.12336631869733901,-15,16,False
0.1350887850942392,-15,15,True
0.091687405925059,-15,16,True
0.021540408848206714,-10,10,False
0.043163136084348686,-10,17,False
0.07043320709902995,-10,12,False
0.10768819850890787,-5,10,False
0.06342350443348814,-10,13,True
0.13902245308925976,-5,20,True
0.12355948202012547,-10,19,True
0.10150031334988248,-15,13,False
0.0346444506450937,-5,14,False
0.026930887829938913,-10,16,False
0.1442887136724076,-10,12,False
0.10986967187661774,-15,12,False
0.055995746652571565,-10,15,False
0.10730409600747041,-15,16,False
0.10105716957465227,-10,11,False
0.12921674018486823,-5,15,False
0.06702232026288815,-5,13,False
0.001724695859594666,-15,18,False
0.11899646598237312,-10,17,False
0.13727118543824798,-15,12,True
0.02051621821820002,-15,10,False
0.0014824931663192152,-10,6,False
0.08857647132159437,-5,13,False
0.061574539968433456,-5,9,False
0.06816053382297955,-15,16,False
0.12299697121236552,-15,9,False
0.022458834621928547,-15,18,False
0.0726882124796427,-5,14,False
0.08709687005399255,-5,18,True
0.07065436261565651,-5,16,False
0.13261679308506266,-15,9,True
0.05924230705158945,-15,15,False
0.01119198609860358,-5,17,False
0.03320528392379303,-15,13,False
0.12787845102326453,-5,15,False
0.06225682409308503,-5,17,False
0.03839304978748954,-5,14,False
0.021396515603476444,-10,16,False
0.09080784120189846,-10,14,False
0.0702406395396739,-15,11,False
0.08273814912099511,-10,11,False
0.035228803949790076,-5,7,False
0.030934220614523316,-15,14,False
0.06830375819926864,-5,11,False
0.11992687559431375,-5,20,True
0.13153815103654568,-15,9,False
0.10891211350172827,-5,16,False
0.0195333923937208,-10,14,False
0.10252449256471277,-15,20,True
0.12478682611792596,-10,18,True
0.0422475166942778,-10,14,False
0.11534517646550606,-15,17,False
0.05891997856507239,-5,14,False
0.10027281409601682,-10,16,False
0.08766733564672691,-10,13,False
0.0856512553462005,-10,20,True
0.024659853408046405,-15,17,False
0.1444254949864209,-5,11,False
0.10472364660297676,-5,7,False
0.08846064188343047,-15,15,True
0.12163962834426137,-15,18,True
0.0008845410055180135,-5,13,False
0.1121292479793206,-15,18,True
0.08144136086965886,-15,13,False
0.024132505161308836,-15,15,True
0.14426861214393358,-5,16,False
0.10968512173958592,-5,15,False
0.020704637279495484,-10,16,False
0.023562547144336452,-5,17,False
0.1408810525597526,-5,16,True
0.04599724821429268,-10,12,False
0.02290452156698412,-10,10,False
0.12142178761832523,-5,13,False
0.07118196396722605,-15,17,True
0.13172715687064643,-10,15,False
0.02554974515548043,-5,12,False
0.017714513545001764,-5,10,False
0.07372677306072652,-10,16,False
0.12054179144340273,-15,18,True
0.038956665609949516,-15,15,True
0.055205819867535845,-5,15,False
0.08151677828128388,-10,11,False
0.07230223393384562,-10,15,False
0.1031064586091807,-10,10,False
0.07040730758738929,-15,20,True
0.051304427190690456,-15,12,False
0.10820498455519478,-15,10,False
0.0892618403255782,-10,15,False
0.058088856038165104,-5,15,False
0.04182757951301471,-15,12,False
0.0477982131101027,-10,12,False
0.14852255105775597,-10,11,True
0.030813488489289408,-5,16,False
0.06429039596707681,-5,15,False
0.12181981587045584,-10,9,True
0.039347582174700954,-5,10,False
0.10426079279017737,-15,13,False
0.14281523035656332,-10,13,False
0.07935320108392861,-15,18,True
0.134619472537117,-10,10,True
0.12648095872880932,-15,18,False
0.02538238502092369,-5,11,False
0.07423284616572524,-5,18,False
0.09101516879558316,-15,16,True
0.009198147425260173,-10,12,False
0.014469015568465448,-10,14,False
0.13059012638635675,-15,17,True
0.08517320707507062,-15,12,False
0.09035462611912082,-5,14,False
0.06537403669794387,-5,18,False
0.10451734103470124,-15,11,True
0.04515687985468356,-15,14,True
0.1373425638110849,-10,17,False
0.12792079705544215,-10,20,False
0.024206005727224398,-15,18,False
0.1357469750679546,-10,14,False
0.08594899173798334,-5,20,False
0.14974427612728594,-10,17,False
0.11432498373930705,-15,15,False
0.05895581789923131,-5,11,False
0.018057069699768714,-5,13,False
0.11622836961460598,-5,13,True
0.1150155817711998,-10,19,False
0.1386407285237869,-10,21,True
0.027166807427510962,-5,13,False
0.10576224462530029,-5,15,False
0.05976051223907077,-10,15,False
0.10114372583508557,-10,16,False
0.05383174320562933,-5,13,False
0.00883149045231183,-10,8,False
0.10737293595581311,-10,12,False
0.14193493506667906,-10,13,False
0.05817330158629175,-10,11,False
0.13471017857599235,-15,7,False
0.020632538623942237,-15,17,False
0.08788385185795922,-15,17,True
0.04786983649755908,-5,14,False
0.00600908448908744,-10,15,False
0.011554837223064163,-15,13,False
0.10959954325890849,-10,9,False
0.09883308986503982,-15,17,False
0.08698433973416764,-5,14,False
0.009961296580394168,-5,16,False
0.1242424567752371,-15,17,False
0.02585893841205145,-5,15,False
0.12312476855621364,-10,13,True
0.12177999301351015,-10,17,True
0.0484104340824484,-5,14,False
0.061271779673257275,-10,16,True
0.038438042129150314,-15,9,False
0.10060436907809839,-15,17,True
0.07772008700165063,-15,13,False
0.10442602722840312,-10,20,True
0.06661730542754617,-15,18,True
0.0809272670361548,-5,14,False
0.04752076997484862,-15,12,True
0.12899081201002277,-10,12,False
0.11444150012584503,-10,15,False
0.101981222125444,-15,14,False
0.03220780913143382,-5,12,False
0.02240692179567396,-5,13,False
0.021748806300405783,-5,13,False
0.1407619418167138,-10,20,False
0.05407300825141756,-5,14,False
0.044320551433127006,-10,9,False
0.04484040852547254,-15,10,False
0.10551947464349987,-15,18,True
0.006708872436465269,-10,12,False
0.04650390246974265,-10,14,False
0.12689522169819617,-15,19,True
0.12910795586003518,-15,11,False
0.13553087780406786,-10,14,True
0.0003016896518153622,-15,12,False
0.1253202961662817,-15,20,True
0.13679402529668072,-5,17,True
0.06982720876933086,-5,17,True
0.10605775900711388,-15,17,False
0.0668588828118574,-15,14,False
0.04143980686971372,-5,15,False
0.06353668935051932,-15,14,False
0.04693624995879551,-10,14,False
0.11431814630616129,-15,10,True
0.10764425953041222,-15,10,True
0.0035022241174815336,-10,10,False
0.10043958248656429,-5,15,False
0.05569286346501816,-15,11,False
0.032034451268681416,-5,15,False
0.11140551572290223,-5,14,False
0.12701588723863097,-15,12,False
0.06930326759403616,-15,10,False
0.10524845531172657,-5,15,False
0.07499702641070623,-15,8,False
0.03330656641006635,-15,16,True
0.12879682007437257,-5,13,False
0.07193158911857836,-5,14,False
0.11241292581017857,-10,13,False
0.14194754184204858,-15,19,True
0.07732028535240125,-10,17,False
0.13794202391298452,-5,9,False
0.042871038911842664,-15,14,False
0.14927719887424884,-5,14,False
0.10792312055364181,-15,17,False
0.049967483683306425,-15,17,False
0.010640647771247918,-10,17,False
0.05033183940868082,-5,17,True
0.02068173288479213,-15,15,False
0.06742992689779607,-10,15,False
0.08971768178033035,-5,16,False
0.09931851609529319,-10,14,False
0.08303874134680654,-5,11,False
0.034643845522073925,-15,11,False
0.05154878694941026,-10,16,False
0.062120271470937245,-10,13,False
0.003952936834432108,-15,16,False
0.11043941516664602,-5,8,False
0.052285126002109335,-15,9,False
0.12528363065089287,-10,18,True
0.0226860375060552,-15,13,False
0.007727338987667298,-10,16,False
0.0974125760464788,-15,9,False
0.00270249714301945,-5,9,False
0.019624564286032865,-10,12,False
0.03878940579460157,-10,12,False
0.13402230574797575,-5,16,False
0.12794243315093323,-15,13,False
0.11740241408346994,-5,15,False
0.03129083280523011,-15,13,False
0.04717537133314242,-5,16,True
0.09265593320920093,-5,19,True
0.007999468904520024,-10,13,False
0.05935547316598781,-10,15,False
0.040864590438831214,-15,16,False
0.08421325169975179,-5,13,False
0.1473359633780261,-15,12,False
0.0244696372472657,-5,13,False
0.06374585599486401,-5,13,False
0.12103020651342626,-10,16,True
0.13273421559020893,-5,10,False
0.0004939843295827251,-10,10,False
0.05174024039157293,-10,14,False
0.045952546227779154,-5,13,False
0.06458391959699916,-5,12,False
0.06955196261323618,-15,11,False
0.05978450816910397,-15,10,False
0.04931432387137153,-15,11,False
0.05262573472416812,-10,18,False
0.030312369411030587,-10,9,False
0.07871970205798952,-10,11,True
0.08343565885504356,-10,13,True
0.05421804875759509,-10,20,False
0.11965568437135655,-10,11,False
0.008186413792451441,-5,10,False
0.13545789978790904,-15,11,True
0.031651984348104074,-15,12,True
0.04048457843336672,-15,16,False
0.14445645335913215,-5,17,True
0.008429240509988539,-15,11,False
0.12123171714753547,-10,19,False
0.11984287686253584,-5,21,True
0.13518053618465317,-5,15,False
0.1270199401222142,-15,12,True
0.11582635264233637,-10,16,True
0.12957737744558323,-15,23,True
0.039106295849062576,-5,17,False
0.142491391033131,-15,16,False
0.14480226700144608,-5,23,True
0.13266862133407697,-5,20,True
0.07924381576924636,-5,13,False
0.14988340680358483,-10,21,True
0.09653032174285962,-10,19,True
0.13322412480301637,-15,15,True
0.14774301493883257,-15,8,False
0.1317566129543399,-15,11,False
0.01823749606293613,-10,16,False
0.13177679577168766,-15,16,False
0.12801040832713173,-10,16,False
0.1149347493305575,-5,20,False
0.09088586179733073,-5,19,False
0.07545932748794774,-10,17,False
0.06585033262350085,-10,17,False
0.021855787873380578,-5,13,False
0.14107339306591923,-10,14,True
0.10257376565370295,-5,18,True
0.12367203993823422,-15,15,True
0.03671691969911429,-5,9,False
0.14832052878489768,-5,13,False
0.07198751974463584,-15,15,False
0.0055277731088687445,-10,14,False
0.00589467498432053,-15,13,False
0.11811848143621106,-5,13,False
0.11749239894846765,-5,19,True
0.11239832573748519,-5,13,False
0.043299009087720663,-5,12,False
0.07929117340378934,-5,20,True
0.08880372247915833,-15,19,True
0.06029942060678346,-5,12,False
0.10269574977946601,-10,11,False
0.05871102492848676,-15,15,False
0.11975252597340963,-15,25,True
0.07826346563581721,-15,11,False
0.01843901822289675,-5,14,False
0.04003982967686344,-5,14,False
0.110757357454053,-15,12,False
0.02034474087664147,-5,15,False
0.14960360229970662,-10,16,False
0.04372646241683724,-10,22,True
0.12988080727343865,-5,9,False
0.04896467227848573,-15,16,False
0.11601398350907192,-5,14,False
0.10612775565919831,-5,15,False
0.10131003321293355,-5,16,False
0.12751557417343556,-15,14,False
0.09997705177696618,-10,13,False
0.015432936798307671,-5,10,False
0.11090364076080832,-15,14,False
0.002246962120755258,-15,10,False
0.000846817583965026,-10,16,False
0.14365551198649443,-15,21,True
0.08465676913331446,-15,15,True
0.0216938841470295,-15,13,False
0.1315352201746092,-10,16,False
0.09360655956253124,-5,9,False
0.08879588893140875,-10,11,False
0.13585250486562378,-5,12,False
0.005583402763409279,-15,14,False
0.14884005497752487,-15,18,True
0.06510171169659432,-5,13,False
0.0018074962344373057,-10,13,False
0.12549585261104496,-10,17,False
0.06867862856071881,-10,9,False
0.0020007067251768926,-5,14,False
0.041095401956340434,-15,10,False
0.01725181641488057,-15,13,False
0.005240221337723905,-15,13,False
0.07374916883073354,-5,11,False
0.13284355883360843,-15,16,False
0.024327252289369376,-15,11,False
0.11392895039826448,-10,20,True
0.0988838381851304,-15,16,False
0.049251651698016714,-10,16,False
0.09433244378515299,-5,17,True
0.0014791250732409777,-10,13,False
0.07804189690460737,-15,6,False
0.01932767497668233,-15,15,False
0.030805182560809788,-10,15,False
0.13646260779470612,-15,18,True
0.11222865679696187,-10,20,True
0.04253876494933299,-15,11,False
0.04224961531673127,-10,14,True
0.1470031642138117,-10,13,True
0.10901236984252151,-5,15,False
0.08991506794102044,-10,11,False
0.13452409936304197,-10,19,True
0.07464300979869705,-5,17,True
0.14910188041398276,-15,9,True
0.10325045225698407,-10,6,False
0.0028456719736127565,-5,11,False
0.11429066627405915,-5,16,True
0.03120057156379517,-10,16,False
0.12861055200167862,-15,6,False
0.05573721567775516,-5,12,False
0.10097668037409453,-10,14,False
0.11544095846707868,-5,12,False
0.014704691927028828,-15,17,False
0.07854550112059717,-10,14,False
0.017544042156054807,-10,16,False
0.1373931127457974,-15,15,False
0.047985449025859106,-15,12,False
0.1061788800410458,-5,11,False
0.07193860487595598,-10,12,False
0.11506718417699988,-5,19,True
0.1321738000431518,-10,14,False
0.11492044440212287,-5,15,False
0.09544609089304736,-10,15,False
0.006567588100481236,-15,11,False
0.004232571110669603,-5,13,False
0.04361140812062459,-10,12,True
0.12454444669038714,-10,16,False
0.0020970727627749874,-5,11,False
0.1314026504476164,-15,17,True
0.14018809221252596,-15,17,True
0.06402426114214811,-5,9,False
0.14368741302605892,-5,11,False
0.028005297683746117,-10,11,False
0.07591577233610002,-10,10,False
0.03652237149087313,-15,8,False
0.14340670310670617,-15,16,True
0.07428045132765533,-15,13,False
0.06269913868200237,-5,13,False
0.13344135409734706,-5,20,True
0.07382058954842542,-5,14,False
0.013064137634318245,-15,10,False
0.0649581827642239,-15,11,True
0.06267261776716863,-15,11,False
0.040753480600033594,-15,16,False
0.02850276073731916,-5,13,False
0.012077452898779978,-10,12,False
0.0029634493778710747,-5,16,False
0.12862313358356028,-10,13,False
0.14755125095217203,-10,14,False
0.028070581289673217,-5,10,False
0.018606524885154647,-5,9,False
0.08344612059220184,-5,12,False
0.09363948530641568,-15,16,False
0.13949742264923645,-5,13,False
0.011910443265401938,-15,12,False
0.008462145996677578,-10,12,False
0.02953007265162108,-5,15,False
0.11411417813757936,-15,16,False
0.06356576201692826,-15,17,False
0.09937310940531878,-15,16,False
0.12198824266828484,-5,15,False
0.049393046076006336,-10,19,False
0.04253190367887222,-5,18,True
0.09698319553716771,-15,13,True
0.09279325281120833,-10,9,False
0.10701285913510074,-10,13,False
0.029631583279733784,-10,12,False
0.031288998001883686,-10,17,False
0.002173302089262485,-15,9,False
0.06495271774789807,-15,12,False
0.0501720912186085,-10,8,False
0.09205160650153432,-10,12,False
0.05787304333110388,-10,13,False
0.0067955136091752905,-10,10,False
0.00922312514523288,-15,14,False
0.13301454675629268,-10,14,True
0.058876153582710394,-10,10,False
0.10721979115996433,-5,19,False
0.07212037617558797,-15,15,False
0.07875798117023498,-10,15,False
0.05623647570134969,-10,13,False
0.10189760484850424,-5,17,False
0.04596587863849163,-10,16,False
0.004221492156887185,-10,14,False
0.14945977978492092,-10,19,False
0.022899280464523674,-5,16,False
0.006897362400955831,-15,12,False
0.10375551268130188,-5,18,False
0.08806666905870499,-15,20,True
0.04671964990221189,-5,16,False
0.05059507467600332,-5,11,False
0.09654950508965601,-10,20,False
0.10518574168563413,-15,14,False
0.10446533048234351,-15,14,False
0.024692384105915698,-15,10,False
0.004814176828938954,-15,13,False
0.04302816508407159,-10,11,False
0.12021013038707529,-10,17,True
0.0279332414191673,-5,12,False
0.06234408578063898,-5,16,False
0.03617055265650059,-10,13,False
0.08879065180594466,-5,15,False
0.09224165424868568,-10,12,False
0.08693061420476919,-15,11,False
0.12752869227748173,-5,14,False
0.04420006825372072,-10,9,False
0.087794346057339,-15,15,False
0.09720431909102481,-15,15,True
0.14273136526534014,-15,9,False
0.09025537352186895,-10,11,False
0.0506124936569945,-10,11,False
0.051647066797731296,-10,17,True
0.11984653350585878,-15,12,False
0.0018587195971753788,-15,10,False
0.1004144496645202,-15,26,True
0.014407907938433145,-10,18,False
0.11142056184829478,-10,18,False
0.09797189821417078,-5,15,True
0.059020611624508765,-15,14,True
0.09879730457247038,-10,14,False
0.016047271144808417,-5,11,False
0.015630965630677694,-5,17,False
0.049064666414668785,-15,14,False
0.14419516040935978,-15,14,True
0.021323162798297577,-10,15,False
0.08409786879614661,-5,11,False
0.09175081164456306,-15,18,False
0.0574120986311398,-15,15,False
0.11082652638817896,-5,18,True
0.014928361226111497,-15,15,False
0.06775105921127572,-5,9,False
0.02198976203442841,-5,13,False
0.07251897645448224,-15,7,True
0.04899043203929655,-5,10,False
0.1402675115248736,-5,16,False
0.0685376025497607,-10,18,False
0.04774277296747023,-5,13,False
0.11607520912731786,-15,16,True
0.10378623467411362,-5,16,False
0.14613821168643953,-5,10,False
0.13559336404157604,-15,15,False
0.09431247797916935,-5,17,False
0.09629758319712076,-5,8,False
0.1391731202625649,-5,10,False
0.1473113264951188,-15,15,False
0.04096114400528206,-10,11,False
0.047661525714312265,-10,15,True
0.038589717918157,-5,14,False
0.02776907258598269,-15,14,True
0.11037430455758676,-15,17,False
0.14363379427585954,-15,16,True
0.04811786960150769,-15,11,False
0.06534866961097577,-10,14,False
0.09659516492135221,-15,18,False
0.14582054366571565,-10,14,False
0.09259165338456335,-5,16,False
0.029480510610562366,-5,11,False
0.10060672593341166,-15,13,False
0.012021503300031633,-15,13,False
0.013433195511569839,-10,9,False
0.11028718589529585,-5,16,False
0.07339966202736423,-5,17,False
0.05091922330244295,-15,15,False
0.04785633643652355,-15,13,False
0.024281297059997698,-10,12,False
0.10096817071466303,-15,17,True
0.044356615533577344,-10,16,False
0.08346815678937598,-5,16,False
0.10837297056806888,-15,20,True
0.12457234876292915,-15,16,True
0.098505483439978,-15,10,False
0.09388197494979675,-10,12,False
0.12583722508279477,-5,17,True
0.09126133063201035,-5,15,False
0.08555322287268466,-5,17,False
0.048350517683589146,-15,15,True
0.10579224059565395,-5,11,False
0.06432547996998586,-5,17,False
0.07749083445527992,-5,16,False
0.13409650114589433,-15,13,True
0.1369689862135552,-15,8,False
0.0249187856931668,-10,18,False
0.0724290054499269,-10,16,True
0.001890165167065616,-10,14,False
0.053099077571439945,-10,7,False
0.013643957811932533,-5,13,False
0.12461779412579596,-10,20,True
0.0967898938599775,-10,12,False
0.045038866519826644,-10,14,False
0.07593044958991622,-15,14,False
0.06158743224430424,-5,12,False
0.1347331545690722,-15,16,False
0.1411246852017016,-5,19,False
0.008957682617978734,-10,14,False
0.04250102863100257,-15,14,False
0.0003368562716482892,-5,18,False
0.13338977322374213,-15,14,False
0.11932656899181585,-15,11,False
0.13692617384337835,-5,12,False
0.039298189528960595,-5,18,True
0.05370823683485971,-10,9,False
0.029281329960325425,-10,17,False
0.011330238112300411,-10,14,False
0.054683323323158756,-15,18,True
0.10423820469597919,-10,9,False
0.06478806075551254,-5,17,False
0.027193717078288486,-15,13,False
0.09007660836362222,-5,16,False
0.03527145640593295,-15,11,False
0.1377965339678555,-5,16,False
0.11526018339356003,-5,18,False
0.020420160589067576,-10,12,False
0.07054632235986266,-10,15,False
0.015055020703525084,-15,15,False
0.12851391773699952,-10,16,False
0.014686248044924737,-15,14,False
0.1488790770393006,-5,15,False
0.02383581523132447,-15,14,False
0.07985930928019774,-5,13,False
0.13967238294057294,-5,8,False
0.13211349221148946,-5,13,False
0.0015183837810171018,-15,14,False
0.004799478313904465,-15,16,False
0.035444040928656814,-10,16,False
0.1448193112566308,-10,9,False
0.1266489696490682,-5,15,True
0.12232405848614127,-5,13,False
0.04816316389613018,-15,12,False
0.08175725945267086,-10,16,False
0.011488084112558972,-15,6,False
0.07556121829010348,-15,14,True
0.10115082318412628,-15,11,True
0.10545241838061346,-5,15,False
0.032963793609111364,-5,12,False
0.1050869498786732,-10,13,True
0.08236221567379819,-5,15,False
0.015211260214555133,-5,15,False
0.14691569092703044,-15,16,False
0.1259905920779516,-5,16,False
0.12774396556381273,-15,13,False
0.08579353562311785,-10,15,False
0.03920460422739764,-5,16,False
0.0033958235143121017,-10,11,False
0.14288323301082353,-5,17,False
0.015209232574952013,-15,10,False
0.01562844057356526,-5,11,False
0.11246187981679694,-15,15,False
0.10987739548990709,-10,14,False
0.06996259648082358,-15,15,False
0.11601948952771152,-15,18,False
0.07945102213688007,-10,17,False
0.1435532414699164,-10,16,False
0.11952585970270312,-15,10,False
0.07386775572930972,-5,11,False
0.04239494117281963,-15,16,False
0.047464213087087155,-15,12,False
0.1157964118851316,-5,17,False
0.08557283315357751,-15,16,False
0.10367500946711308,-15,12,False
0.09927065260236255,-10,16,True
0.10199332498106105,-5,11,False
0.02371497655703873,-5,13,False
0.009696962943745946,-10,14,False
0.10048780732059483,-5,12,False
0.011295031019934608,-5,10,False
0.07851025030301018,-10,16,False
0.10468636531125207,-15,10,False
0.10574356838624872,-15,20,False
0.050601076503014715,-15,15,False
0.04024735355628601,-10,13,False
0.017082160384559047,-10,14,False
0.08331157441789412,-5,16,False
0.10126062716370474,-15,10,False
0.0922861072436821,-10,8,False
0.06278537333831702,-10,13,True
0.057419452122480265,-10,14,True
0.0030896437133020815,-5,17,False
0.054614228781602554,-10,18,False
0.036668095864389204,-15,8,False
0.143588933425355,-10,18,False
0.0821528089315963,-10,24,True
0.006892089194475442,-5,16,False
0.0602887431463926,-15,14,False
0.10085260894505371,-15,17,True
0.06713737394310666,-15,13,False
0.044689673611994385,-10,14,True
0.07978608008263678,-5,16,False
0.14894059039904126,-15,19,True
0.03491102210862416,-10,14,False
0.10803804652077255,-5,17,True
0.08899941037641747,-15,16,True
0.08607926037803802,-5,18,True
0.03582373581913036,-5,13,False
0.11188317500390267,-10,24,True
0.13475385283797928,-5,14,False
0.012701660628048438,-10,13,False
0.06340285038182387,-15,8,False
0.005509403931694329,-15,17,False
0.04675618679438223,-5,15,False
0.0717835600070885,-15,14,False
0.12578816372985768,-10,8,False
0.007325380602047054,-10,10,False
0.1221755222242744,-10,17,False
0.007132470327783879,-5,12,False
0.026067630571852574,-5,11,False
0.11004888703507877,-5,14,False
0.07196447866923726,-10,19,False
0.10229006747933636,-10,19,False
0.1469194463463573,-10,15,False
0.04673839060101557,-10,15,True
0.138900150705907,-5,17,False
0.025183313554613368,-5,12,False
0.0852748857437406,-5,13,False
0.09658109205245032,-5,19,True
0.032571253243928226,-10,14,False
0.09285290409591768,-10,19,True
0.1274524182899878,-15,12,False
0.10597249035794844,-15,14,False
0.14031022908262505,-15,18,True
0.11547824150983696,-10,10,False
0.11322411579774813,-5,16,False
0.0064923734251771115,-5,15,False
0.07866909013514721,-5,14,False
0.12367089867836378,-10,16,True
0.058567862304148524,-15,13,True
0.03692812018302934,-5,11,False
0.03875167997556812,-15,9,False
0.055511717558597545,-15,11,False
0.07556475048561616,-10,12,False
0.08299323025774206,-10,11,False
0.09587360219591287,-5,8,False
0.044711243071389246,-10,14,True
0.08083107621019546,-10,17,False
0.08525774627879079,-10,13,False
0.03529258599048356,-5,10,False
0.009317685128995523,-15,13,False
0.08939209564940932,-15,14,False
0.020443335725533838,-5,12,False
0.021974781602932945,-15,13,False
0.07229928329189744,-15,13,False
0.08883586698914349,-5,11,False
0.019464496094699416,-15,7,False
0.10625603859107971,-10,9,True
0.04348773538928697,-5,15,False
0.14760631068805793,-5,21,True
0.011425599283788734,-10,14,False
0.04651391755008875,-10,14,False
0.09610136870839843,-10,11,False
0.146794117674113,-10,20,True
0.1129851248402125,-5,10,False
0.14239882275155338,-5,15,True
0.11124086433094482,-5,18,True
0.13890593386237482,-10,12,False
0.1087287068654055,-10,13,False
0.12764082618496744,-10,13,False
0.09153239598678026,-10,16,False
0.026375807971502796,-10,13,False
0.011171892990956288,-5,9,False
0.12402024995637961,-10,16,False
0.0640386812840279,-10,18,False
0.057774207734835104,-5,13,False
0.06628691515717149,-15,15,False
0.07692184453880573,-15,13,False
0.13279133905235682,-10,16,False
0.10822228789356941,-15,17,False
0.024665367493335276,-15,8,False
0.04528703108017221,-5,11,False
0.06705414270590154,-10,16,False
0.060252910584865316,-5,16,False
0.026246863308110945,-5,16,False
0.07227995977909316,-10,16,True
0.08835413056870778,-5,15,False
0.11900751700243914,-10,18,False
0.050793157665761764,-10,16,False
0.10544410082720779,-15,19,True
0.1195595635505868,-10,16,True
0.10456020579466413,-10,18,True
0.03809450652856911,-10,15,True
0.022344545782267525,-10,15,False
0.09819804348604985,-10,16,False
0.10742967457010436,-15,14,False
0.07389454259132507,-15,17,True
0.017979769477428204,-5,10,False
0.03837518077666467,-10,12,False
0.018931347586679127,-10,14,False
0.11810955595105806,-15,13,False
0.08521137288717927,-15,16,False
0.003852576458421136,-5,11,False
0.07422535577608058,-10,9,False
0.10074092866522073,-10,14,False
0.01636818473629348,-5,10,False
0.134576235250602,-10,21,True
0.06957960438924264,-10,12,False
0.09885359794001881,-10,16,False
0.14307689451077868,-15,9,False
0.033165841430710316,-15,14,False
0.06556935841265786,-15,10,False
0.0573776861962364,-10,15,False
0.14252581392548544,-15,25,True
0.1256351799121285,-5,12,False
0.12576175839602027,-10,21,True
0.14754291179946372,-10,18,True
0.11873240579224636,-10,14,False
0.00502597487710702,-10,14,False
0.1022260534415207,-10,17,False
0.06704064798837633,-5,13,False
0.11524650618553844,-15,18,False
0.0323713498448799,-5,16,False
0.09596121985804755,-15,14,False
0.13951103972615925,-15,16,False
0.1354261338391473,-5,8,False
0.07794910447967844,-15,10,False
0.07732648266758751,-15,14,False
0.1406759482392789,-5,10,False
0.14156692121045414,-15,18,True
0.04928452021810855,-10,11,False
0.036818322391586486,-15,10,False
0.050468241654099785,-5,18,True
0.028607665370069917,-10,11,False
0.10082331221735524,-10,11,False
0.06110098207965509,-15,14,False
0.004499926914761509,-5,16,False
0.037019366038371894,-10,16,False
0.1487992224486208,-15,13,False
0.057587184075181375,-10,19,True
0.14189193731730995,-5,11,False
0.1275331016733924,-15,13,False
0.09011253393389164,-10,12,False
0.1450507942857032,-5,17,False
0.14242749208337693,-10,16,True
0.028452271103343835,-15,9,False
0.05405962285587236,-5,17,False
0.015338844305735571,-15,10,False
0.0027942439166576236,-10,17,False
0.008954673341987157,-10,11,False
0.12650681066638914,-5,15,False
0.12120940780255107,-10,11,False
0.12908986552740964,-15,17,False
0.13693977022467724,-10,16,False
0.02019816118929089,-15,16,False
0.07160455686532535,-10,11,False
0.13276459728792214,-15,19,False
0.038520446556787886,-15,18,True
0.09795734572674249,-15,16,False
0.0032921223589133684,-10,12,False
0.05661477243269516,-15,14,False
0.07587695654130795,-5,17,False
0.09804525396102524,-10,17,False
0.05543251276325279,-15,12,False
0.14386339325643294,-15,14,True
0.016299926778597994,-15,13,False
0.1320193143072172,-15,16,False
0.09646552495425588,-5,12,False
0.0396703243221645,-5,19,True
0.021188413119839072,-5,14,False
0.14571063335587225,-15,17,False
0.020511306821065566,-15,15,False
0.1213648844501923,-10,8,True
0.04629419847767522,-5,14,False
0.0809047903267113,-15,15,False
0.039755863424178424,-15,15,False
0.07656957189531935,-5,19,True
0.01980856348705675,-15,16,False
0.14654388102179847,-15,14,True
0.0416537201039025,-15,12,False
0.051004680396617236,-15,11,True
0.12756843674785953,-10,14,False
0.08686145846957696,-10,19,True
0.026168511258645753,-10,10,False
0.019587233623777876,-5,13,False
0.12826587566099307,-5,16,False
0.08571874195780001,-5,16,False
0.02345251850053017,-10,14,False
0.06280380010242163,-5,18,True
0.13211812449864868,-15,15,False
0.12488300394944632,-15,16,False
0.0968342107657855,-15,14,True
0.14730782189139022,-15,19,False
0.07777424614867927,-15,16,True
0.00879846673256573,-15,11,False
0.08011817993531428,-15,16,True
0.09981872145419723,-5,18,True
0.0646746146721654,-10,13,True
0.1427604952634807,-10,18,True
0.039286272701166254,-10,15,True
0.14802544722744068,-10,12,True
0.023849435317415197,-15,17,False
0.11081375846472657,-15,14,False
0.06457960646056156,-15,13,False
0.08477435007187074,-15,14,True
0.10782764708522903,-5,17,False
0.00023358522382887492,-10,12,False
0.08033661060249196,-5,21,True
0.0398727135317692,-10,18,False
0.08107464869351566,-5,14,False
0.027255363948342742,-10,16,False
0.07981866980084618,-10,17,False
0.05125800636727897,-5,11,False
0.10808647936340114,-5,19,False
0.02022742222475138,-15,14,False
0.015073926636647288,-5,10,False
0.018069805429539,-10,17,True
0.01111433901816441,-10,14,False
0.08122561237241141,-10,19,True
0.055431733886746555,-10,12,False
0.05318481886710014,-5,15,False
0.01272709949081135,-15,14,False
0.04702805412152423,-10,20,False
0.048580600087611066,-10,13,False
0.08289248714727401,-10,16,False
0.04026760456325638,-5,14,False
0.05559045182250172,-10,10,False
0.03693305298548048,-15,11,False
0.07764342390201827,-15,13,False
0.07937275484248997,-10,7,False
0.043272156335059174,-10,17,False
0.06187884667780844,-5,19,True
0.017557394112766217,-10,18,False
0.09573236793355906,-5,15,False
0.009679652969965374,-15,16,False
0.005473844471306299,-5,16,False
0.09332038987789999,-5,12,False
0.005075216130054061,-10,11,False
0.1259851398767631,-15,18,False
0.14158176774143724,-5,15,False
0.13496820020893857,-15,14,False
0.10170756240589844,-5,17,False
0.04294939203512067,-15,10,False
0.04883082061204778,-5,21,True
0.13382908302103022,-15,14,True
0.1205812799384828,-5,11,False
0.03792027996706846,-15,15,False
0.0730580427423372,-5,14,False
0.10808623262440041,-10,11,False
0.08070071773271754,-15,18,False
0.02314677352014764,-10,13,False
0.07406830268182665,-10,14,False
0.04514802807401552,-5,16,False
0.1411973292999319,-10,20,False
0.04772058288612316,-15,17,False
0.04806376539511799,-5,14,False
0.11834573334152172,-5,17,False
0.1182386464768688,-15,14,True
0.1411032549488666,-15,13,True
0.08193541896713252,-10,10,False
0.03978868952262693,-10,8,False
0.11608122165929954,-5,19,False
0.02891430325937002,-15,17,True
0.14210070680974693,-15,13,True
0.062201527799238265,-5,16,True
0.026511273209361568,-10,9,False
0.10173853236534526,-15,14,True
0.08576573627514773,-10,7,False
0.12657818504692717,-10,13,True
0.01121106857828289,-5,11,False
0.10036938398343094,-15,14,True
0.08394990614477878,-5,15,False
0.13719441563511814,-5,12,False
0.036267349167465886,-10,15,False
0.024092593979902852,-15,18,False
0.01333010988454536,-5,7,False
0.12258603637664586,-15,9,False
0.010173505795678306,-5,16,False
0.09995131735001868,-15,12,False
0.04244152621503154,-5,11,False
0.045805738550196165,-10,10,False
0.13954797251757925,-10,16,False
0.08280318430435382,-5,18,True
0.102791723180459,-10,15,False
0.010409499317800186,-5,15,False
0.07497309893626233,-10,16,True
0.0029185675797763267,-15,16,False
0.097869597451195,-10,11,True
0.13532082970409778,-15,16,True
0.14595825232260373,-15,17,True
0.11955977844025809,-10,15,False
0.027627551873139172,-15,7,False
0.1126318552966939,-10,13,False
0.03500574471955025,-15,10,False
0.05666177877883874,-10,16,False
0.11332057400622007,-15,18,False
0.09446237440215949,-5,19,True
0.13303789316209794,-10,20,True
0.08470932293543225,-10,19,False
0.039032191095344775,-10,10,False
0.0014396279807094513,-15,17,False
0.04231868106499246,-5,16,False
0.12041104395684787,-15,18,True
0.0021185317036136074,-15,10,False
0.07278465798735166,-10,11,False
0.05015942664317922,-15,13,True
0.05781844577856757,-15,16,False
0.10596984215157147,-5,15,False
0.03432248780152109,-15,12,False
0.08137693485582226,-5,6,False
0.10509783509708659,-10,16,False
0.07382908313670226,-5,13,False
0.13991832344187727,-5,15,False
0.08095416664937925,-10,13,False
0.0672238241993801,-5,15,False
0.04281685235807539,-5,17,True
0.017913940320955547,-10,15,False
0.08194842835707243,-15,11,True
0.04278586835737017,-5,12,False
0.12672395718438048,-15,16,False
0.05292370846006392,-10,15,False
0.07443366217836962,-10,12,False
0.1239597899001926,-15,12,True
0.0553006836972942,-5,11,False
0.04465585942116306,-15,17,False
0.01413384851773735,-10,17,False
0.002316766133321285,-10,13,False
0.12783430004632235,-5,12,False
0.14837870292969,-10,16,True
0.10089869298633591,-15,12,False
0.025408591324903296,-15,14,False
0.04464118571811777,-15,14,False
0.03669684577956956,-15,13,False
0.0023029180290777495,-5,6,False
0.05022295978787917,-15,13,False
0.1266798576179636,-5,13,False
0.09421212599658234,-10,18,False
0.04714878368287713,-10,16,False
0.019730013347106744,-5,12,False
0.07527377729157123,-5,19,False
0.04682014724391646,-10,13,False
0.07623122625563337,-10,18,True
0.018085224252510218,-15,14,False
0.039072889305270614,-5,11,False
0.14303136542658765,-10,18,True
0.06280022855712682,-5,14,False
0.08077801146950277,-10,9,False
0.13473233905424173,-5,19,False
0.007085455779489385,-5,15,False
0.0967802640047422,-10,13,False
0.08639632587870126,-15,19,True
0.11562534517893946,-15,15,False
0.1135686858871202,-15,15,False
0.05323531879047003,-10,11,False
0.07636945055916346,-10,15,True
0.0795155665634087,-15,10,False
0.1344633448212754,-10,19,True
0.04124329277977911,-10,13,False
0.07003159590636845,-15,15,False
0.13323042772527693,-10,14,False
0.0668510743574484,-10,10,False
0.025378728418893607,-5,13,False
0.11147954298567321,-5,14,False
0.014696426336971413,-15,10,False
0.08067741622562521,-5,14,False
0.005104553602805262,-5,13,False
0.042125055438432965,-10,13,False
0.10172366634717522,-5,23,True
0.06824184762175482,-10,21,True
0.04533999620511268,-5,14,True
0.039923223067864715,-15,12,False
0.003850555484468132,-10,13,False
0.0223575364608197,-5,16,False
0.1468362899085132,-10,13,False
0.14754800062231324,-15,17,False
0.05213638041669822,-15,16,False
0.04626837154907932,-10,10,False
0.029291995252153816,-15,13,False
0.006168284492608844,-15,16,False
0.10618578737601099,-5,16,False
0.11867389152633004,-15,19,False
0.056421341227207544,-5,15,False
0.0326314705381913,-10,16,True
0.01717235077018357,-15,10,False
0.04735931589909709,-10,20,False
0.07857512304887738,-15,10,False
0.03927255779428138,-5,11,False
0.09528393824721883,-15,18,False
0.0010254615389650335,-10,7,False
0.05071690920727154,-15,18,True
0.03893940097909363,-5,12,False
0.11215672878802715,-10,21,True
0.13964660189143827,-5,11,False
0.1299814920477981,-15,19,False
0.10881310591732278,-15,11,False
0.01907188887395306,-5,16,False
0.031178706352053363,-10,9,False
0.10684633288927697,-5,16,False
0.09220123519194665,-10,13,False
0.0959476228705617,-10,15,True
0.015276557322913541,-10,11,False
0.07400747571135376,-5,8,False
0.025829018116812895,-10,14,False
0.04579956325885204,-5,19,True
0.03596275440570389,-5,15,False
0.05858324745458287,-5,16,False
0.047870501121321976,-15,18,True
0.09274176874238096,-15,18,True
0.0980948808194759,-15,13,True
0.14161541321568255,-10,13,False
0.06638784238547525,-15,11,True
0.034253056882406076,-15,17,False
0.07276927679360096,-15,15,False
0.052912011271962045,-10,17,True
0.02371571822406286,-5,10,False
0.03980797585987688,-15,10,False
0.08041069858065027,-5,12,False
0.10555541289657037,-5,10,False
0.1258499076640932,-5,14,False
0.06519577399479955,-5,11,False
0.10231952002276684,-15,9,False
0.058356344972178245,-10,13,False
0.0743738482735025,-15,16,True
0.04765620055792765,-10,12,True
0.06036093998598401,-15,17,True
0.04017451154039336,-15,14,False
0.08896284421876646,-5,22,True
0.12696336275398373,-10,25,True
0.016940867373276037,-15,13,False
0.061297397308390705,-10,14,False
0.14445070156958842,-10,13,True
0.0018846692286570764,-15,14,False
0.00812139921736243,-10,11,False
0.1350823296859846,-15,14,False
0.017648085788960145,-15,17,False
0.0343053276815246,-5,16,False
0.07894576983319508,-5,11,False
0.10672818277622231,-10,11,True
0.08690793136504345,-5,18,False
0.029812153128877954,-10,12,False
0.09754540534909718,-15,21,True
0.10537276674412041,-5,10,False
0.13985308068244715,-15,11,True
0.05199423531537854,-5,15,False
0.05574998197012621,-5,14,False
0.14679243196863315,-5,16,False
0.02931144909804148,-15,13,False
0.13644122701880337,-10,15,False
0.036049341629462585,-5,10,False
0.004471341371200471,-15,10,False
0.07673796923298003,-10,12,False
0.10589216047830559,-10,17,False
0.07268188237165284,-5,17,True
0.07240209277851568,-15,15,False
0.0063939159801291775,-15,14,False
0.1405148128078823,-10,19,True
0.034519911723742226,-15,15,False
0.04368602154398827,-10,18,False
0.028425626684473113,-10,13,False
0.03426457539242444,-10,17,False
0.1138611770096416,-5,16,False
0.034857097280745195,-15,15,False
0.13150523335878206,-5,15,False
0.09986750151484053,-10,20,True
0.04847735582303143,-15,11,False
0.028176856692299166,-15,12,False
0.0499528486430351,-10,12,False
0.1274527704184503,-15,13,True
0.12076337450937849,-10,19,True
0.11082776784741459,-10,17,True
0.11216824001125936,-10,7,False
0.05155832768788824,-10,16,False
0.10019217914290852,-15,14,False
0.10692340491202426,-5,16,False
0.020407273739536918,-15,15,False
0.045905205645147065,-5,15,False
0.11051506411013924,-15,15,False
0.10727394878101199,-10,14,True
0.11367167393260942,-15,11,False
0.08952044284201245,-15,17,False
0.030726896136145723,-15,12,False
0.0849666074142708,-10,19,True
0.018464458894993013,-5,14,False
0.13771285803313763,-15,13,True
0.11298007140615575,-10,12,True
0.07061682594471642,-5,15,False
0.03796774961366477,-10,15,False
0.031662920449043376,-5,11,False
0.07637838335597083,-10,12,False
0.12016949093722695,-10,14,False
0.11430812693081549,-10,15,True
0.11346160497495288,-10,14,False
0.068912575252891,-10,16,False
0.04404068030969957,-15,13,True
0.0672091259577577,-15,15,False
0.024809273696143042,-5,17,False
0.014776214433284073,-15,11,False
0.09309378883962795,-10,21,True
0.06264796481476176,-10,7,False
0.05077922492157661,-15,15,True
0.015830256773358465,-5,15,False
0.0938750206440688,-5,12,False
0.006404245448497231,-5,13,False
0.08982433738697444,-15,14,True
0.01810697822423068,-10,17,False
0.10803405865594395,-5,7,False
0.034515476898558405,-5,16,False
0.08681733082098954,-5,12,False
0.10338911200761648,-10,9,True
0.006910606460613633,-10,16,False
0.14975186914124994,-5,26,True
0.1155223145570615,-10,21,True
0.12296560365399768,-5,10,False
0.0030127215018143916,-15,16,False
0.0965325542196632,-5,14,False
0.13004367984184023,-15,7,False
0.09921023973179653,-10,14,False
0.03668042595733348,-5,12,False
0.1493199695244787,-10,17,False
0.11495583555198498,-5,17,False
0.021005940067201967,-15,18,False
0.09563879173927751,-10,13,True
0.06417168517381781,-10,12,False
0.08321209352514022,-5,12,False
0.09408891914906457,-10,12,False
0.07152850348275086,-15,16,True
0.05942488776439074,-15,13,False
0.04955861258796451,-5,14,False
0.0804804484973934,-5,14,False
0.1373898007355341,-10,17,True
0.0770998076435947,-15,14,True
0.0444177562236447,-10,11,False
0.01317854636125359,-15,16,False
0.10985148309735095,-15,15,True
0.09856604602255652,-5,17,False
0.038172382494003225,-10,17,False
0.05851445947980374,-15,12,False
0.053262505525342445,-5,14,False
0.06334437304546937,-15,18,True
0.10763504113043751,-5,16,False
0.027981206612403057,-5,14,False
0.029822096412006935,-5,13,False
0.07236928997438842,-10,10,False
0.004348751822631691,-5,12,False
0.021381827871725823,-5,13,False
0.0885953348691956,-15,13,False
0.05719121989293374,-5,14,False
0.028155147544839474,-15,15,False
0.11317368707752534,-15,13,False
0.011717304723745941,-10,16,False
0.05594701244094036,-5,13,False
0.02994521611410246,-5,17,False
0.021599976658209553,-15,9,False
0.1142084542382117,-10,16,False
0.08030960331547923,-5,21,True
0.04337671905784992,-10,8,False
0.14061538781952207,-15,15,False
0.10402209459165325,-5,17,True
0.054149743475723544,-10,16,True
0.13303195177066954,-5,23,True
0.06650302996582895,-5,14,False
0.04192050180591455,-10,12,False
0.11690198802180513,-5,20,True
0.10580315161008165,-15,16,True
0.078576044537661,-5,11,False
0.12374949170416683,-5,12,False
0.0255370896339025,-10,13,False
0.042262839436635655,-10,16,False
0.009036074528575555,-10,15,False
0.10440844938993653,-5,18,False
0.10740069419696675,-10,13,False
0.05919995858457094,-5,9,False
0.1495809496121787,-15,15,True
0.08692923063852635,-15,11,True
0.015650023362662045,-5,12,False
0.1397613897340702,-5,20,False
0.13991628114755542,-15,18,True
0.07545686018291935,-15,17,False
0.12369341621345102,-5,12,False
0.003619451057768963,-15,11,False
0.0017699844661896835,-15,10,False
0.1483784150360354,-5,10,False
0.02216112120812347,-10,17,False
0.04508968427667837,-10,9,False
0.03685046635916715,-15,17,False
0.08653431315637333,-5,7,False
0.11923252571782786,-15,14,True
0.10997197018863734,-15,12,False
0.12251686581368004,-5,16,False
0.12752044257444092,-10,15,True
0.1494512528075055,-15,15,False
0.0270785742341693,-15,7,False
0.1116656533551245,-10,18,False
0.007399812979252146,-5,12,False
0.026775382090803677,-5,14,False
0.11833481055055628,-5,11,False
0.0460136053685084,-5,18,False
0.00452212732746034,-5,13,False
0.00037329588524105396,-15,16,False
0.07452262172153555,-15,17,True
0.02777104979609213,-10,10,False
0.04156127634250654,-10,13,False
0.14186877745859425,-10,19,True
0.07541661031694485,-10,19,True
0.1426469119217092,-5,20,False
0.003247955773730499,-5,13,False
0.049508970451068064,-10,11,True
0.020350894045348226,-15,14,False
0.05636108241521366,-5,14,False
0.005161656885678689,-5,15,False
0.0024159669236011373,-15,12,False
0.1493652445446699,-15,11,False
0.03948069733385214,-15,9,False
0.05637645168791438,-15,12,False
