idx,return,steps,failure,wall_dt
0,1.0,14,0,0.002194475000010243
1,1.0,16,0,0.004297324000020808
2,1.0,14,0,0.0055791050000095765
3,1.0,17,1,0.006928333000018938
4,1.0,14,0,0.008089863000009245
5,1.0,16,0,0.009626607000001286
6,1.0,14,0,0.01076775399999974
7,0.0,10,1,0.012103045000003476
8,0.0,7,1,0.013938119000016513
9,1.0,15,0,0.0154973570000152
10,1.0,16,0,0.016829596000007996
11,0.0,8,1,0.018257306999998946
12,1.0,15,0,0.01991910600000324
13,1.0,14,0,0.021936111000002256
14,1.0,14,0,0.023527450000017325
15,1.0,14,0,0.025101001000024326
16,1.0,15,0,0.02657924400000411
17,1.0,14,0,0.02781143000001407
18,1.0,14,0,0.028988746000010224
19,1.0,14,0,0.03021983900001146
20,1.0,14,0,0.03137355700002331
21,1.0,16,0,0.03261333500000774
22,0.0,7,1,0.03378150800000412
23,1.0,14,0,0.034922866000016484
24,1.0,14,0,0.03604064400002471
25,1.0,15,0,0.037279768000018976
26,1.0,16,0,0.03850688900001842
27,1.0,14,0,0.03962289500000793
28,1.0,14,0,0.04077739100000599
29,1.0,14,0,0.041893635999997514
30,1.0,14,0,0.04304201300001864
31,1.0,14,0,0.044241679000009526
32,1.0,15,0,0.04546557400001916
33,1.0,17,1,0.04671765500000902
34,1.0,16,0,0.047948645000019496
35,1.0,14,0,0.0490652109999985
36,1.0,14,0,0.050276500000023816
37,1.0,14,0,0.051385121000009804
38,1.0,14,0,0.05249175200000877
39,1.0,14,0,0.0535888400000033
40,1.0,16,0,0.054827956000025324
41,1.0,14,0,0.05594714900001918
42,1.0,16,0,0.057184196999997994
43,1.0,14,0,0.0582910980000122
44,1.0,16,0,0.05950856700002305
45,1.0,16,0,0.060740084000002525
46,1.0,15,0,0.06195001800000455
47,1.0,14,0,0.0630660740000053
48,1.0,14,0,0.06417791000001216
49,1.0,14,0,0.06527100700000688
50,1.0,16,0,0.06652871400001459
51,1.0,17,1,0.0678031180000005
52,1.0,14,0,0.06932133899999826
53,1.0,14,0,0.07050282600002333
54,1.0,14,0,0.07166434700002355
55,1.0,14,0,0.0729542310000113
56,1.0,14,0,0.07411347600000795
57,1.0,14,0,0.07523566900002265
58,1.0,14,0,0.0764069620000214
59,0.0,14,1,0.07760187000002361
60,1.0,14,0,0.07882928200001516
61,0.0,7,1,0.0799482940000189
62,1.0,14,0,0.08119353100002513
63,1.0,14,0,0.08231645600000093
64,1.0,16,0,0.08350919600002271
65,1.0,14,0,0.08461069700001644
66,1.0,16,0,0.08582192100001862
67,1.0,14,0,0.08695553100000097
68,1.0,16,0,0.08816802900000198
69,1.0,18,1,0.08940898800000241
70,1.0,16,0,0.09064379900001995
71,1.0,15,0,0.09190308000000869
72,1.0,14,0,0.09301021900000706
73,1.0,14,0,0.09411067199999934
74,1.0,14,0,0.09521485999999868
75,1.0,16,0,0.0964236220000032
76,1.0,14,0,0.09761476600002084
77,1.0,14,0,0.09880417900001248
78,1.0,14,0,0.10000185000001238
79,1.0,17,1,0.10123161300001016
80,1.0,14,0,0.1023442260000138
81,1.0,14,0,0.10343658400000777
82,1.0,18,1,0.104668007000015
83,1.0,14,0,0.10578776400001288
84,1.0,16,0,0.10704076500002202
85,1.0,16,0,0.10826892700001167
86,1.0,14,0,0.1094061500000123
87,1.0,14,0,0.11051335600001266
88,1.0,14,0,0.1116183030000002
89,1.0,16,0,0.11329355700001997
90,1.0,14,0,0.1144777210000143
91,1.0,14,0,0.1156222820000039
92,1.0,14,0,0.11701255600002014
93,1.0,14,0,0.11817645900001139
94,0.0,12,1,0.11945756600002255
95,1.0,14,0,0.12088650500001563
96,1.0,14,0,0.12207313800001884
97,1.0,14,0,0.12320633500002032
98,1.0,14,0,0.12435455600001433
99,1.0,14,0,0.12554243200000315
100,1.0,14,0,0.12670373200000995
101,1.0,15,0,0.12795040000000313
102,1.0,14,0,0.12915640700001063
103,1.0,14,0,0.13033819900002186
104,1.0,14,0,0.13147267400000828
105,1.0,14,0,0.13262564300001145
106,1.0,14,0,0.13376254600001403
107,1.0,14,0,0.1348815160000072
108,1.0,14,0,0.13657029700002
109,1.0,14,0,0.13795989100000838
110,1.0,14,0,0.13907911500001546
111,0.0,11,1,0.14033268300002533
112,1.0,14,0,0.14149661700000138
113,1.0,14,0,0.1426152970000203
114,1.0,14,0,0.1437098350000099
115,1.0,14,0,0.14482065600000738
116,0.0,9,1,0.14595614400002432
117,1.0,16,0,0.14725878600000897
118,1.0,14,0,0.14843572899999913
119,1.0,16,0,0.14965172200001575
120,1.0,14,0,0.1508616720000191
121,1.0,14,0,0.15197686199999794
122,1.0,14,0,0.1530819190000159
123,1.0,14,0,0.1541850570000065
124,1.0,14,0,0.15527986100002522
125,1.0,14,0,0.15638832100000855
126,1.0,14,0,0.1574940880000213
127,1.0,14,0,0.15858290600002078
128,1.0,14,0,0.15971097400000644
129,1.0,16,0,0.16095413500002564
130,1.0,14,0,0.1621357630000091
131,1.0,14,0,0.16324025800000186
132,1.0,14,0,0.16433970900001782
133,1.0,14,0,0.1654917020000255
134,1.0,14,0,0.16659860800001525
135,0.0,10,1,0.16776504300000283
136,1.0,14,0,0.16887924900001394
137,1.0,14,0,0.1699835269999994
138,1.0,14,0,0.1711549280000213
139,1.0,14,0,0.17225734699999862
140,0.0,7,1,0.17334284200001093
141,1.0,14,0,0.17445413000001508
142,1.0,14,0,0.17555160800000635
143,1.0,14,0,0.17664836100001935
144,1.0,18,1,0.17791144400001713
145,0.0,13,1,0.1791344740000227
146,1.0,14,0,0.1802719690000174
147,1.0,14,0,0.18136851600002046
148,1.0,14,0,0.18247120300000574
149,1.0,16,0,0.1837050480000073
150,1.0,16,0,0.18493684599999938
151,1.0,14,0,0.1860325960000182
152,1.0,14,0,0.18714257800002088
153,1.0,20,1,0.18840117700000292
154,1.0,14,0,0.18951387800001385
155,1.0,16,0,0.19070081400002437
156,1.0,14,0,0.19189601600001538
157,1.0,14,0,0.19309107200001563
158,1.0,14,0,0.19420145600000183
159,1.0,16,0,0.19541018700002155
160,0.0,12,1,0.19656017400001247
161,1.0,15,0,0.1977811190000125
162,1.0,14,0,0.1989155500000095
163,1.0,16,0,0.20015121500000532
164,1.0,14,0,0.201333553000012
165,1.0,14,0,0.20251913600000648
166,1.0,14,0,0.20369882400001416
167,1.0,16,0,0.20539461100000267
168,1.0,14,0,0.20701265600001761
169,1.0,14,0,0.20838683400000946
170,1.0,16,0,0.21021016800000325
171,1.0,14,0,0.21174922800000218
172,1.0,14,0,0.21333391699999993
173,1.0,16,0,0.21501663600000143
174,0.0,7,1,0.2164080010000191
175,1.0,16,0,0.2181230050000238
176,1.0,18,1,0.21994756500001245
177,1.0,15,0,0.22157880200001046
178,1.0,14,0,0.223162364000018
179,1.0,14,0,0.22469055199999843
180,1.0,14,0,0.22625310099999751
181,0.0,8,1,0.22798595400001886
182,1.0,16,0,0.22966190300002154
183,1.0,14,0,0.2312933040000189
184,0.0,14,1,0.23300459800000795
185,1.0,14,0,0.23451406800000996
186,1.0,14,0,0.2362891280000099
187,1.0,14,0,0.23781959200002234
188,1.0,15,0,0.2395037880000075
189,1.0,14,0,0.24105130400002395
190,1.0,14,0,0.24254955600000017
191,1.0,16,0,0.24425407200001814
192,1.0,16,0,0.24595598900000937
193,1.0,14,0,0.24746392000000128
194,1.0,14,0,0.24901343900000938
195,1.0,14,0,0.25053509300002474
196,1.0,14,0,0.25216286300002366
197,1.0,15,0,0.2539099829999998
198,1.0,16,0,0.2555670090000035
199,0.0,15,1,0.25733033600002386
200,1.0,14,0,0.25894615200002136
201,1.0,18,1,0.2606821910000008
202,1.0,14,0,0.26232100400000036
203,0.0,11,1,0.2638289850000035
204,0.0,6,1,0.2651970010000184
205,1.0,14,0,0.2666782360000184
206,0.0,10,1,0.26815659400000413
207,1.0,14,0,0.26976429200001917
208,1.0,14,0,0.27125104600000327
209,1.0,14,0,0.2728156010000191
210,1.0,16,0,0.27446965900000464
211,0.0,11,1,0.2762153830000216
212,1.0,14,0,0.277911209000024
213,1.0,14,0,0.2794477470000061
214,1.0,16,0,0.2812186510000174
215,1.0,14,0,0.282938334000022
216,1.0,14,0,0.2844662810000216
217,0.0,12,1,0.2860343450000187
218,1.0,14,0,0.28755470800001603
219,1.0,14,0,0.2891871030000175
220,1.0,18,1,0.29093229600002246
221,1.0,14,0,0.29245026400002416
222,1.0,14,0,0.29422086700000705
223,1.0,14,0,0.29623783499999945
224,1.0,14,0,0.2985433940000064
225,1.0,14,0,0.300213508000013
226,1.0,14,0,0.3017402100000197
227,1.0,14,0,0.30333956900000203
228,1.0,14,0,0.30487297400000557
229,1.0,14,0,0.30641837400000327
230,1.0,14,0,0.3076034930000162
231,1.0,17,1,0.30892801500002065
232,1.0,18,1,0.31022565500001065
233,1.0,20,1,0.31149589000000333
234,1.0,14,0,0.3126060220000113
235,1.0,14,0,0.31375765600000705
236,1.0,14,0,0.3149267090000194
237,1.0,14,0,0.3160494890000223
238,0.0,11,1,0.31720945800000777
239,1.0,14,0,0.31841853400001696
240,0.0,10,1,0.3195641850000186
241,1.0,16,0,0.3208053920000111
242,1.0,14,0,0.3219450130000041
243,1.0,14,0,0.3230523610000091
244,1.0,14,0,0.3241645660000074
245,1.0,14,0,0.32526524600001494
246,1.0,16,0,0.32646454200002495
247,1.0,14,0,0.32760708900002555
248,1.0,14,0,0.32879327500000954
249,1.0,14,0,0.32990306199999964
250,0.0,14,1,0.3310981790000085
251,1.0,14,0,0.3322054140000148
252,1.0,14,0,0.33332246400001964
253,1.0,14,0,0.33442385700001864
254,1.0,14,0,0.33559523499999955
255,1.0,16,0,0.3368111550000208
256,1.0,14,0,0.33791944200001467
257,1.0,16,0,0.33911248500001534
258,1.0,14,0,0.34023374299999887
259,1.0,18,1,0.3416519410000092
260,1.0,14,0,0.3429861030000154
261,1.0,14,0,0.34413469500000815
262,1.0,14,0,0.34528417399999967
263,1.0,16,0,0.34650117200001773
264,1.0,16,0,0.3477422110000248
265,1.0,15,0,0.34895566900001995
266,1.0,14,0,0.35007006200001456
267,1.0,14,0,0.35119299500001944
268,1.0,14,0,0.35235338700002217
269,1.0,14,0,0.35345949599999926
270,0.0,13,1,0.3546445380000023
271,1.0,15,0,0.3558816890000003
272,1.0,14,0,0.3569982540000183
273,1.0,16,0,0.3581862530000137
274,1.0,16,0,0.3594326570000135
275,1.0,14,0,0.360608577000022
276,1.0,14,0,0.36171497700001964
277,0.0,7,1,0.36282407500002023
278,1.0,14,0,0.3639517200000171
279,1.0,14,0,0.3650547200000176
280,1.0,14,0,0.3661539680000203
281,0.0,13,1,0.36732558900001777
282,1.0,14,0,0.36841951100001324
283,1.0,14,0,0.369522303000025
284,1.0,14,0,0.37061506599999916
285,0.0,14,1,0.3718130780000024
286,1.0,14,0,0.3729277360000083
287,1.0,16,0,0.37416767999999934
288,1.0,14,0,0.37532873500001074
289,1.0,15,0,0.37654944000001933
290,1.0,14,0,0.37767119900001944
291,1.0,14,0,0.378797177000024
292,0.0,7,1,0.37992048899999986
293,1.0,14,0,0.3810217910000233
294,1.0,14,0,0.3822574270000132
295,1.0,14,0,0.3834360360000062
296,1.0,14,0,0.384631244000019
297,1.0,18,1,0.38591053600001146
298,1.0,14,0,0.3870243970000047
299,1.0,14,0,0.388110308000023
300,0.0,11,1,0.38924607600000627
301,1.0,14,0,0.39040207200000054
302,1.0,14,0,0.3914989470000023
303,1.0,14,0,0.39268845400002306
304,1.0,14,0,0.3938428270000145
305,1.0,16,0,0.39508509700002037
306,1.0,14,0,0.3961961340000073
307,1.0,14,0,0.3973051490000046
308,1.0,14,0,0.3983925779999993
309,1.0,14,0,0.399477859000001
310,1.0,14,0,0.4005822230000149
311,1.0,18,1,0.401819684000003
312,0.0,11,1,0.40297501100002364
313,1.0,14,0,0.4040765090000207
314,1.0,14,0,0.4052285190000191
315,1.0,14,0,0.4063281430000245
316,1.0,14,0,0.407508163000017
317,1.0,14,0,0.40905960100002403
318,1.0,14,0,0.41021931400001677
319,1.0,14,0,0.4113182780000102
320,1.0,16,0,0.4125136570000052
321,1.0,14,0,0.4136211580000122
322,1.0,14,0,0.41481811200000607
323,1.0,14,0,0.41591500500001644
324,0.0,7,1,0.41702913200001035
325,1.0,14,0,0.41821050100000434
326,1.0,14,0,0.419310194000019
327,1.0,14,0,0.42042475900001364
328,1.0,15,0,0.4216554730000155
329,1.0,14,0,0.42277672000000166
330,1.0,14,0,0.4239034920000222
331,1.0,14,0,0.42498598400001697
332,1.0,14,0,0.4260752560000185
333,1.0,14,0,0.4271653140000069
334,1.0,16,0,0.428370201000007
335,1.0,16,0,0.42956038500000204
336,1.0,15,0,0.430752904000002
337,1.0,14,0,0.43194132600001467
338,1.0,14,0,0.4331051240000079
339,0.0,8,1,0.4341893280000022
340,1.0,14,0,0.43528603000001453
341,1.0,16,0,0.43646308200001727
342,1.0,14,0,0.4375637960000063
343,1.0,14,0,0.4386625110000182
344,1.0,16,0,0.4398923770000067
345,1.0,14,0,0.44101894199999947
346,1.0,14,0,0.44212336700002197
347,1.0,16,0,0.4433265110000093
348,1.0,14,0,0.4444378960000108
349,1.0,14,0,0.4456100680000077
350,1.0,14,0,0.44671043499999996
351,1.0,16,0,0.44795977700002254
352,1.0,14,0,0.44906203700000447
353,1.0,14,0,0.45017667700000175
354,1.0,14,0,0.45126571900001977
355,1.0,14,0,0.45243290000001934
356,1.0,14,0,0.4536523410000086
357,1.0,14,0,0.4548448540000152
358,0.0,7,1,0.45595764800000893
359,1.0,14,0,0.4571387320000042
360,1.0,14,0,0.4583037000000161
361,1.0,16,0,0.45966050300000916
362,1.0,16,0,0.46093069799999853
363,1.0,14,0,0.4620402339999998
364,1.0,14,0,0.46314440599999784
365,1.0,14,0,0.4642452890000186
366,1.0,14,0,0.46534423200000674
367,1.0,14,0,0.4664352220000012
368,1.0,14,0,0.467530126000014
369,1.0,14,0,0.4686981190000097
370,1.0,18,1,0.47005085700001814
371,1.0,16,0,0.4712610120000136
372,1.0,14,0,0.4723678930000119
373,1.0,14,0,0.47349156200002085
374,1.0,14,0,0.47469325700001264
375,1.0,15,0,0.47591347600001654
376,1.0,14,0,0.47702617000001624
377,1.0,14,0,0.4781351299999983
378,1.0,14,0,0.4792251320000105
379,0.0,14,1,0.48042517300001464
380,1.0,16,0,0.4816181110000173
381,1.0,14,0,0.4827076030000228
382,1.0,14,0,0.48388091000001054
383,1.0,14,0,0.4849728080000091
384,1.0,15,0,0.4861647259999984
385,1.0,14,0,0.4873178060000214
386,1.0,14,0,0.48841353900002105
387,0.0,9,1,0.4895222110000077
388,1.0,14,0,0.4906268660000137
389,1.0,14,0,0.49171184499999754
390,1.0,14,0,0.49303898300001947
391,0.0,10,1,0.49418999700000654
392,1.0,14,0,0.4953584350000142
393,1.0,14,0,0.49647606400000655
394,1.0,14,0,0.4975700319999987
395,1.0,14,0,0.4987844210000105
396,1.0,16,0,0.5000244029999976
397,1.0,16,0,0.5012562340000102
398,1.0,14,0,0.5023670600000116
399,1.0,14,0,0.5035620110000139
400,1.0,16,0,0.5049262420000105
401,1.0,14,0,0.5060640930000204
402,1.0,14,0,0.5071960270000204
403,1.0,16,0,0.5084296180000081
404,1.0,14,0,0.5095587700000124
405,1.0,14,0,0.5106853660000183
406,1.0,14,0,0.5118184350000092
407,1.0,14,0,0.5129202550000116
408,0.0,7,1,0.5140741410000089
409,1.0,14,0,0.5152821410000001
410,1.0,17,1,0.5165155159999983
411,1.0,14,0,0.5176822230000084
412,0.0,7,1,0.5188123000000076
413,1.0,16,0,0.5200398430000064
414,0.0,10,1,0.5214834680000138
415,1.0,14,0,0.522630152000005
416,1.0,14,0,0.5239250740000045
417,1.0,14,0,0.5250590480000028
418,1.0,17,1,0.5263118760000225
419,1.0,14,0,0.5274176040000214
420,1.0,14,0,0.5286091610000199
421,1.0,18,1,0.5298444889999985
422,1.0,18,1,0.5311289190000252
423,1.0,14,0,0.5322428630000218
424,1.0,14,0,0.5334777230000043
425,1.0,14,0,0.5345764099999997
426,1.0,16,0,0.5358020050000221
427,1.0,14,0,0.5369035000000224
428,1.0,14,0,0.5380118430000209
429,1.0,14,0,0.5391252830000042
430,1.0,16,0,0.5403663700000152
431,1.0,14,0,0.5414706530000046
432,1.0,16,0,0.5426775540000222
433,1.0,14,0,0.5438728670000046
434,1.0,14,0,0.5450241230000188
435,0.0,11,1,0.54617085000001
436,1.0,18,1,0.5474848340000165
437,1.0,19,1,0.5488591600000063
438,1.0,14,0,0.5499589710000237
439,1.0,14,0,0.5511554990000036
440,1.0,20,1,0.5524232660000052
441,1.0,16,0,0.5536110769999993
442,1.0,14,0,0.5547157809999987
443,1.0,16,0,0.555941654999998
444,0.0,12,1,0.5571399540000073
445,1.0,16,0,0.5591382960000146
446,1.0,14,0,0.5610787190000224
447,1.0,16,0,0.563138194000004
448,1.0,14,0,0.5650788470000236
449,0.0,14,1,0.5671398440000246
450,1.0,16,0,0.5692048020000016
451,1.0,14,0,0.5711809000000017
452,1.0,16,0,0.5732690330000025
453,1.0,16,0,0.575324309000024
454,1.0,14,0,0.5773742150000203
455,1.0,14,0,0.5794152080000003
456,1.0,14,0,0.5813896639999996
457,1.0,14,0,0.5833989120000069
458,1.0,14,0,0.585451925000001
459,1.0,14,0,0.587441790000014
460,1.0,14,0,0.5894566630000213
461,1.0,14,0,0.591431153000002
462,1.0,18,1,0.5936448460000179
463,1.0,14,0,0.5956045630000233
464,1.0,16,0,0.5977068630000133
465,1.0,14,0,0.599446596000007
466,1.0,14,0,0.6006595120000213
467,1.0,14,0,0.6018474730000207
468,0.0,8,1,0.6030120380000028
469,1.0,14,0,0.6041560030000142
470,1.0,14,0,0.6053707700000075
471,1.0,16,0,0.6073726660000034
472,1.0,14,0,0.60923724700001
473,1.0,14,0,0.6111622540000212
474,1.0,14,0,0.612314624000021
475,1.0,14,0,0.6134584770000231
476,0.0,12,1,0.6146286930000144
477,1.0,14,0,0.6157960680000087
478,1.0,14,0,0.616967164000016
479,1.0,16,0,0.6182064210000249
480,1.0,14,0,0.619329012999998
481,1.0,14,0,0.6205208030000051
482,1.0,14,0,0.6216231420000042
483,1.0,14,0,0.6227428600000167
484,1.0,14,0,0.623862685000006
485,1.0,16,0,0.6250721240000132
486,1.0,14,0,0.6261794039999984
487,1.0,14,0,0.6273560019999991
488,1.0,14,0,0.6285439300000064
489,1.0,16,0,0.6298121570000035
490,1.0,14,0,0.6309890730000234
491,1.0,14,0,0.632263547000008
492,1.0,15,0,0.6334736250000219
493,0.0,7,1,0.6345546410000225
494,1.0,16,0,0.6357613119999996
495,1.0,16,0,0.636980469000008
496,1.0,14,0,0.6382336150000185
497,0.0,14,1,0.6394324080000047
498,1.0,14,0,0.6405633040000112
499,1.0,14,0,0.641696531000008
500,1.0,14,0,0.6428982200000064
501,0.0,12,1,0.6440690410000229
502,1.0,14,0,0.6451678550000111
503,0.0,7,1,0.6462515190000033
504,1.0,14,0,0.6474634250000122
505,1.0,14,0,0.6489840730000083
506,1.0,14,0,0.6501196170000014
507,1.0,16,0,0.6513529700000049
508,1.0,14,0,0.6524526670000057
509,0.0,7,1,0.6535308010000165
510,1.0,16,0,0.6547764110000003
511,1.0,14,0,0.6558803560000115
512,1.0,14,0,0.6569714260000126
513,1.0,14,0,0.6580589900000007
514,1.0,14,0,0.659141424000012
515,1.0,14,0,0.6603932260000249
516,1.0,14,0,0.6619173050000029
517,1.0,16,0,0.6631540640000253
518,1.0,18,1,0.6644144460000234
519,0.0,14,1,0.6655806110000242
520,1.0,16,0,0.6667805320000184
521,1.0,14,0,0.6678785779999998
522,1.0,14,0,0.6689766840000004
523,1.0,16,0,0.6701644910000084
524,1.0,16,0,0.6713518340000064
525,1.0,17,1,0.6725562790000197
526,1.0,14,0,0.6736499020000224
527,1.0,15,0,0.6748529200000064
528,1.0,16,0,0.6760530630000119
529,1.0,16,0,0.6772592110000062
530,0.0,10,1,0.6783690379999996
531,1.0,14,0,0.6794727740000042
532,1.0,14,0,0.6806570870000144
533,1.0,16,0,0.6818859920000193
534,1.0,14,0,0.6829951429999994
535,0.0,11,1,0.6841200090000257
536,1.0,14,0,0.6852149720000114
537,1.0,14,0,0.6863671100000204
538,0.0,8,1,0.6874585650000142
539,1.0,14,0,0.6885499880000054
540,1.0,15,0,0.6897416099999987
541,1.0,14,0,0.6909769510000103
542,0.0,13,1,0.6922372970000197
543,1.0,14,0,0.693333985999999
544,1.0,14,0,0.694511150000011
545,1.0,14,0,0.6956022070000074
546,0.0,14,1,0.6968456550000042
547,1.0,14,0,0.6979590700000244
548,1.0,14,0,0.699068877000002
549,1.0,14,0,0.7001942820000124
550,1.0,14,0,0.7015107810000245
551,1.0,14,0,0.7033425660000034
552,1.0,14,0,0.7048828560000118
553,1.0,18,1,0.7061788720000095
554,1.0,14,0,0.7073318010000094
555,0.0,9,1,0.708469005000012
556,1.0,16,0,0.7097036580000236
557,1.0,14,0,0.7108721070000001
558,1.0,14,0,0.7120011200000249
559,1.0,14,0,0.7131404670000165
560,1.0,14,0,0.7143458700000167
561,1.0,16,0,0.7156018630000176
562,1.0,14,0,0.7167091729999981
563,1.0,16,0,0.7179297910000173
564,0.0,12,1,0.7190742960000023
565,1.0,14,0,0.720238361000014
566,1.0,16,0,0.7214453610000078
567,1.0,14,0,0.7225376770000196
568,1.0,14,0,0.7236483800000144
569,0.0,10,1,0.7248408730000051
570,1.0,16,0,0.7260952150000151
571,1.0,14,0,0.7272361210000042
572,1.0,15,0,0.7284271649999994
573,1.0,16,0,0.7296346430000256
574,1.0,14,0,0.7307627739999987
575,0.0,8,1,0.7318438520000257
576,1.0,14,0,0.7329421809999985
577,1.0,18,1,0.7341603300000088
578,1.0,17,1,0.7353805550000061
579,1.0,15,0,0.7365614950000179
580,1.0,16,0,0.7377759250000224
581,1.0,14,0,0.7388721670000109
582,1.0,14,0,0.7399884069999985
583,1.0,14,0,0.741084002000008
584,0.0,12,1,0.7424369200000172
585,1.0,14,0,0.7438698260000081
586,1.0,16,0,0.7453595620000044
587,1.0,14,0,0.7471672030000036
588,1.0,14,0,0.7491987270000209
589,1.0,14,0,0.751063557000009
590,1.0,14,0,0.7524845679999999
591,1.0,14,0,0.7539338660000112
592,1.0,14,0,0.7552496659999974
593,1.0,14,0,0.7566380110000068
594,1.0,14,0,0.7579867490000254
595,1.0,14,0,0.7592529169999978
596,1.0,14,0,0.7606081860000131
597,1.0,14,0,0.761928265000023
598,1.0,14,0,0.7631858590000036
599,1.0,18,1,0.7647203520000119
600,1.0,16,0,0.7660645660000114
601,1.0,18,1,0.767354250000011
602,1.0,16,0,0.7686030250000044
603,1.0,14,0,0.7697580260000052
604,1.0,14,0,0.7709083170000213
605,1.0,14,0,0.7720256910000103
606,1.0,14,0,0.7731534090000025
607,1.0,14,0,0.7742828280000253
608,0.0,12,1,0.7754539050000062
609,1.0,15,0,0.7766558480000185
610,1.0,14,0,0.7779083710000236
611,1.0,14,0,0.7790207820000035
612,1.0,14,0,0.7801576530000034
613,1.0,14,0,0.7812489599999992
614,1.0,14,0,0.7823474360000091
615,1.0,14,0,0.7834330500000135
616,1.0,14,0,0.7845236170000192
617,1.0,14,0,0.7856047559999979
618,1.0,14,0,0.7866998599999988
619,1.0,16,0,0.7879318900000101
620,1.0,14,0,0.7890481760000227
621,1.0,14,0,0.7901502730000232
622,1.0,14,0,0.7912405000000149
623,1.0,14,0,0.7923318540000253
624,1.0,15,0,0.79351285300001
625,1.0,14,0,0.7946058050000033
626,0.0,11,1,0.7958072230000255
627,1.0,16,0,0.7970096930000068
628,1.0,14,0,0.798194699000021
629,0.0,10,1,0.7993150430000071
630,1.0,14,0,0.8004248010000197
631,1.0,16,0,0.8016631220000079
632,1.0,14,0,0.8027781840000046
633,1.0,14,0,0.8038769000000059
634,1.0,14,0,0.8049777559999995
635,1.0,14,0,0.8061272050000241
636,1.0,14,0,0.8072342180000192
637,1.0,16,0,0.8084319030000131
638,1.0,17,1,0.8096551950000048
639,1.0,14,0,0.8107653080000148
640,1.0,16,0,0.8119503750000092
641,1.0,14,0,0.8130441750000159
642,1.0,14,0,0.8141393430000221
643,1.0,14,0,0.8152247419999981
644,1.0,14,0,0.8163180680000153
645,1.0,14,0,0.8174059150000232
646,1.0,14,0,0.8185042270000054
647,1.0,16,0,0.8197442860000024
648,1.0,16,0,0.8209564680000199
649,1.0,14,0,0.8220589940000025
650,1.0,15,0,0.8232447640000089
651,1.0,14,0,0.8244144770000048
652,1.0,14,0,0.8255430550000256
653,1.0,14,0,0.826636657000023
654,1.0,18,1,0.8278795989999992
655,1.0,14,0,0.8290438470000083
656,1.0,14,0,0.8301444690000039
657,0.0,12,1,0.8313017670000136
658,1.0,14,0,0.8324126950000164
659,1.0,14,0,0.8334971470000028
660,1.0,14,0,0.834643007000011
661,1.0,14,0,0.8358322580000106
662,1.0,14,0,0.8369437360000234
663,1.0,14,0,0.8380452410000032
664,1.0,14,0,0.8391414840000095
665,1.0,14,0,0.8402523540000004
666,1.0,16,0,0.8414529310000205
667,1.0,14,0,0.8426210160000096
668,1.0,18,1,0.8438607639999987
669,1.0,14,0,0.8449688960000117
670,1.0,15,0,0.8461636199999987
671,1.0,14,0,0.8473382620000223
672,1.0,14,0,0.8485462480000194
673,1.0,14,0,0.8496424580000053
674,1.0,16,0,0.850860909000005
675,1.0,14,0,0.8519610730000124
676,1.0,14,0,0.8531553330000179
677,1.0,14,0,0.854252482000021
678,1.0,14,0,0.8553642190000232
679,1.0,18,1,0.8565794920000087
680,1.0,14,0,0.8577764530000138
681,1.0,14,0,0.8588685300000236
682,1.0,16,0,0.8600902440000198
683,1.0,14,0,0.8612000150000085
684,1.0,14,0,0.8623072290000096
685,1.0,16,0,0.8634849400000064
686,1.0,16,0,0.8646784860000025
687,1.0,14,0,0.8657873080000229
688,1.0,16,0,0.8670391730000233
689,1.0,15,0,0.8682562480000229
690,1.0,14,0,0.8694395550000138
691,0.0,11,1,0.8705600910000157
692,1.0,16,0,0.8717761820000192
693,0.0,7,1,0.8729460650000078
694,0.0,9,1,0.8741403530000014
695,1.0,14,0,0.8752807930000017
696,1.0,14,0,0.8763974619999999
697,1.0,14,0,0.8774912660000211
698,1.0,14,0,0.8786454170000013
699,1.0,14,0,0.8798430470000085
700,1.0,14,0,0.8810185430000104
701,1.0,16,0,0.8822243220000132
702,1.0,14,0,0.8833707870000183
703,1.0,14,0,0.8848774310000067
704,1.0,14,0,0.8884130430000141
705,1.0,14,0,0.8901798840000197
706,1.0,14,0,0.8913799310000172
707,1.0,14,0,0.8925672750000047
708,1.0,14,0,0.893785256000001
709,1.0,15,0,0.8950071090000051
710,1.0,14,0,0.8961502120000091
711,1.0,14,0,0.897281520000007
712,1.0,14,0,0.8984799290000183
713,1.0,16,0,0.8996854740000231
714,1.0,14,0,0.900868929000012
715,1.0,18,1,0.902097896000015
716,1.0,14,0,0.9031988660000252
717,1.0,14,0,0.9043036490000134
718,1.0,14,0,0.905388008000017
719,1.0,17,1,0.906598358000025
720,1.0,16,0,0.9078140130000065
721,1.0,14,0,0.9089282580000031
722,1.0,14,0,0.9100990790000196
723,1.0,14,0,0.911192251000017
724,0.0,12,1,0.9123606720000055
725,0.0,8,1,0.9134486180000181
726,1.0,14,0,0.914561703000004
727,1.0,14,0,0.9156680460000075
728,0.0,14,1,0.9168980809999994
729,1.0,14,0,0.9180769680000083
730,1.0,14,0,0.9191848410000034
731,1.0,14,0,0.9203039680000131
732,1.0,14,0,0.9213940799999989
733,1.0,14,0,0.922476936999999
734,1.0,14,0,0.9236392110000224
735,1.0,14,0,0.9248186990000136
736,1.0,14,0,0.9259350610000183
737,0.0,9,1,0.9270419570000001
738,0.0,12,1,0.9281835020000244
739,1.0,14,0,0.9292851490000089
740,1.0,14,0,0.9305131430000131
741,1.0,14,0,0.9316090650000035
742,1.0,14,0,0.9327001900000198
743,1.0,16,0,0.9339522980000083
744,1.0,15,0,0.935168439000023
745,1.0,14,0,0.9362656700000116
746,1.0,14,0,0.9373676050000199
747,1.0,14,0,0.9384570320000023
748,1.0,15,0,0.939631965000018
749,0.0,12,1,0.9408206270000221
750,1.0,14,0,0.941920830000015
751,1.0,14,0,0.9430855640000004
752,1.0,14,0,0.9441881609999996
753,1.0,14,0,0.9453434680000043
754,1.0,15,0,0.9465114460000166
755,1.0,14,0,0.9476002590000121
756,1.0,14,0,0.9486960100000204
757,0.0,16,1,0.9499783450000052
758,1.0,16,0,0.9511751530000083
759,1.0,14,0,0.9522676650000221
760,1.0,16,0,0.9534520800000053
761,0.0,11,1,0.9545769160000077
762,0.0,16,1,0.9558285669999975
763,1.0,14,0,0.9570797620000064
764,1.0,16,0,0.9582899730000065
765,1.0,14,0,0.9593988670000044
766,1.0,14,0,0.9605314949999979
767,1.0,14,0,0.9616209470000001
768,1.0,14,0,0.9627122040000131
769,1.0,14,0,0.9638154280000037
770,0.0,9,1,0.9649495220000119
771,1.0,14,0,0.9660779480000201
772,1.0,14,0,0.9672008840000217
773,1.0,16,0,0.9683837050000079
774,1.0,18,1,0.9696069190000003
775,1.0,16,0,0.9708086730000218
776,1.0,15,0,0.9721672440000191
777,1.0,14,0,0.973391539000005
778,1.0,14,0,0.9744948450000095
779,1.0,14,0,0.9756491010000161
780,1.0,14,0,0.9767683520000219
781,0.0,10,1,0.9779951780000147
782,0.0,12,1,0.9791955710000195
783,1.0,16,0,0.9804371630000048
784,0.0,8,1,0.9816113040000118
785,1.0,14,0,0.9827809230000071
786,0.0,7,1,0.9839038060000007
787,1.0,14,0,0.9851051570000209
788,1.0,15,0,0.9864039730000229
789,1.0,14,0,0.9875539460000198
790,1.0,14,0,0.988777558999999
791,1.0,14,0,0.9898713420000149
792,1.0,14,0,0.9909883650000211
793,1.0,14,0,0.9921186520000163
794,0.0,12,1,0.9932706120000034
795,1.0,14,0,0.9943696320000015
796,0.0,7,1,0.9957030090000103
797,1.0,16,0,0.9969507860000135
798,1.0,14,0,0.9980549980000148
799,1.0,15,0,0.9992339870000251
800,1.0,14,0,1.0003677310000114
801,1.0,14,0,1.0014589800000238
802,1.0,14,0,1.002617420000007
803,1.0,14,0,1.003711597000006
804,1.0,14,0,1.0048376870000197
805,0.0,7,1,1.0059074469999985
806,1.0,14,0,1.00700932700002
807,1.0,14,0,1.0080918740000016
808,1.0,14,0,1.0092051660000152
809,1.0,16,0,1.0104004869999983
810,1.0,16,0,1.0116436890000102
811,1.0,14,0,1.013349470999998
812,0.0,7,1,1.0144893740000214
813,1.0,16,0,1.015762274000025
814,1.0,14,0,1.0169301900000107
815,1.0,14,0,1.0181601410000098
816,1.0,14,0,1.0193185420000077
817,1.0,14,0,1.0205451730000163
818,0.0,16,1,1.0218426720000195
819,1.0,14,0,1.0230583430000024
820,1.0,14,0,1.0241997730000207
821,1.0,14,0,1.0253462230000139
822,1.0,14,0,1.0265474220000215
823,1.0,14,0,1.027675409000011
824,1.0,14,0,1.0287894250000136
825,1.0,17,1,1.0300326859999984
826,0.0,12,1,1.031205999000008
827,1.0,14,0,1.0323088940000105
828,1.0,14,0,1.0334038780000014
829,1.0,14,0,1.0344847860000073
830,1.0,14,0,1.0357037500000104
831,1.0,14,0,1.0368259100000046
832,1.0,15,0,1.038020285000016
833,1.0,14,0,1.0391358660000094
834,1.0,15,0,1.040347397000005
835,1.0,14,0,1.0415226329999996
836,1.0,14,0,1.0426236420000237
837,1.0,14,0,1.0437099970000077
838,1.0,14,0,1.0448167100000205
839,0.0,14,1,1.0459778379999989
840,1.0,14,0,1.047083258000015
841,1.0,14,0,1.0481803440000022
842,1.0,14,0,1.0492746710000063
843,1.0,14,0,1.0503651330000139
844,1.0,14,0,1.051456308000013
845,1.0,14,0,1.052666357000021
846,1.0,16,0,1.0538802680000003
847,1.0,14,0,1.0549873430000218
848,1.0,14,0,1.0560954280000203
849,1.0,14,0,1.0571938559999978
850,1.0,14,0,1.0582889990000126
851,1.0,18,1,1.0595130810000057
852,1.0,16,0,1.060758600000014
853,1.0,14,0,1.0619528820000141
854,1.0,14,0,1.0630616250000173
855,1.0,14,0,1.0641565000000242
856,1.0,14,0,1.0652533570000173
857,1.0,14,0,1.0663386150000065
858,1.0,14,0,1.067446676000003
859,1.0,14,0,1.068619128000023
860,1.0,14,0,1.0698064450000118
861,0.0,9,1,1.0709068200000047
862,1.0,15,0,1.0721649600000092
863,1.0,16,0,1.0733782870000255
864,1.0,17,1,1.0746000490000256
865,1.0,16,0,1.075806813000014
866,1.0,15,0,1.0769973680000078
867,1.0,16,0,1.0782107859999996
868,1.0,15,0,1.0794036580000181
869,0.0,11,1,1.080570845000011
870,1.0,16,0,1.0817852130000176
871,1.0,14,0,1.082888440000005
872,1.0,16,0,1.084090434000018
873,0.0,12,1,1.085358345000003
874,1.0,16,0,1.0865642630000139
875,1.0,14,0,1.0876717030000123
876,1.0,16,0,1.0888955040000212
877,1.0,14,0,1.089994924000024
878,1.0,14,0,1.0911260459999994
879,1.0,14,0,1.0922170510000058
880,1.0,16,0,1.0934646760000248
881,0.0,12,1,1.0946108640000034
882,1.0,14,0,1.0957094210000093
883,1.0,14,0,1.0968276119999985
884,1.0,14,0,1.0979542700000025
885,0.0,7,1,1.0990301070000044
886,1.0,16,0,1.1002543110000147
887,1.0,14,0,1.1013642679999975
888,1.0,14,0,1.1024942980000105
889,1.0,14,0,1.103609634999998
890,1.0,16,0,1.1048514269999998
891,1.0,14,0,1.1059641610000028
892,1.0,14,0,1.1070876670000018
893,0.0,14,1,1.1082733990000122
894,1.0,14,0,1.1093787470000223
895,0.0,16,1,1.1105884230000242
896,1.0,16,0,1.1118396690000054
897,1.0,15,0,1.113029928000003
898,1.0,14,0,1.1141437720000056
899,1.0,14,0,1.1152694310000015
900,1.0,14,0,1.1163637280000103
901,1.0,16,0,1.117623205000001
902,1.0,14,0,1.1188546710000082
903,1.0,18,1,1.1202332660000138
904,1.0,14,0,1.1213422370000217
905,1.0,20,1,1.122612815000025
906,1.0,15,0,1.1238111410000045
907,1.0,14,0,1.1249297160000253
908,1.0,14,0,1.126112701000011
909,1.0,14,0,1.1272204050000028
910,1.0,15,0,1.128398997000005
911,1.0,14,0,1.1296350510000082
912,1.0,14,0,1.1308257440000204
913,1.0,14,0,1.1321903800000257
914,1.0,14,0,1.1334218300000032
915,1.0,18,1,1.1347214370000245
916,1.0,14,0,1.1358749010000224
917,1.0,14,0,1.1370232010000052
918,1.0,14,0,1.1381362550000063
919,1.0,16,0,1.1393637520000084
920,1.0,14,0,1.1405137780000132
921,1.0,16,0,1.1417548900000156
922,1.0,15,0,1.1429946089999987
923,1.0,14,0,1.1441449050000188
924,1.0,14,0,1.145259889000016
925,1.0,14,0,1.1463654770000176
926,1.0,14,0,1.1475308349999978
927,1.0,16,0,1.1487628290000202
928,1.0,16,0,1.1500335630000222
929,1.0,14,0,1.1511607560000243
930,1.0,14,0,1.1523465740000063
931,1.0,14,0,1.1534489990000054
932,1.0,14,0,1.1545595750000075
933,1.0,14,0,1.155682162000005
934,1.0,16,0,1.1569234800000174
935,1.0,14,0,1.1580274180000174
936,0.0,12,1,1.1591928180000082
937,1.0,15,0,1.1603996950000237
938,1.0,14,0,1.161569553000021
939,1.0,14,0,1.162674227000025
940,0.0,9,1,1.163822429000021
941,1.0,14,0,1.1650371170000255
942,1.0,16,0,1.1662404150000043
943,1.0,15,0,1.167424957999998
944,0.0,9,1,1.1685522820000074
945,1.0,15,0,1.169750343000004
946,1.0,14,0,1.170858633000023
947,1.0,14,0,1.1719741390000138
948,0.0,11,1,1.1733889660000045
949,1.0,14,0,1.1746490550000033
950,1.0,14,0,1.1759473300000138
951,1.0,18,1,1.177236214000004
952,1.0,15,0,1.1784829250000257
953,1.0,18,1,1.1797843580000063
954,1.0,14,0,1.1809358600000053
955,0.0,11,1,1.1820721120000144
956,0.0,11,1,1.183354520000023
957,1.0,14,0,1.1845666040000253
958,1.0,14,0,1.1856845850000184
959,1.0,14,0,1.1868120410000245
960,1.0,16,0,1.188025343000021
961,1.0,14,0,1.1892147460000047
962,1.0,14,0,1.190399465000013
963,1.0,14,0,1.1916005240000231
964,1.0,14,0,1.1927202100000045
965,1.0,14,0,1.193929598000011
966,0.0,14,1,1.1950997380000103
967,1.0,16,0,1.1963031960000023
968,1.0,14,0,1.197518733999999
969,1.0,14,0,1.1986430460000008
970,1.0,15,0,1.1998856970000134
971,1.0,14,0,1.2010736990000055
972,1.0,14,0,1.2022702800000218
973,1.0,14,0,1.2033990560000234
974,1.0,14,0,1.204520002999999
975,1.0,14,0,1.2056388459999994
976,1.0,15,0,1.2068976130000237
977,0.0,10,1,1.208033137000001
978,1.0,14,0,1.2091495310000084
979,1.0,14,0,1.2102642570000057
980,0.0,7,1,1.211366149000014
981,1.0,14,0,1.2125781720000077
982,1.0,14,0,1.2136853530000167
983,1.0,15,0,1.2148994249999987
984,1.0,14,0,1.2161653310000133
985,1.0,16,0,1.2173856020000073
986,1.0,14,0,1.218505485999998
987,1.0,14,0,1.2195981410000059
988,1.0,14,0,1.2208170320000136
989,1.0,14,0,1.2219396810000092
990,1.0,15,0,1.2231738730000075
991,1.0,16,0,1.224384630000003
992,0.0,9,1,1.2254896800000097
993,1.0,14,0,1.2265904910000245
994,1.0,14,0,1.2277879850000204
995,1.0,16,0,1.2290226870000254
996,1.0,14,0,1.2301328249999983
997,1.0,18,1,1.231373514000012
998,1.0,14,0,1.2325531860000183
999,1.0,14,0,1.2337592790000258
1000,1.0,14,0,1.2348789620000105
1001,1.0,14,0,1.2360587640000062
1002,1.0,14,0,1.2371922900000243
1003,1.0,16,0,1.238404752000008
1004,1.0,14,0,1.2395113219999985
1005,0.0,11,1,1.2406716500000243
1006,1.0,14,0,1.2418676290000121
1007,1.0,14,0,1.243005457999999
1008,1.0,14,0,1.2441909460000034
1009,1.0,15,0,1.2454530490000195
1010,1.0,14,0,1.2465844710000056
1011,1.0,14,0,1.2478171959999997
1012,1.0,14,0,1.2491341910000244
1013,1.0,14,0,1.2502373020000164
1014,1.0,14,0,1.2513340800000208
1015,0.0,12,1,1.2524728160000222
1016,1.0,14,0,1.253597818000003
1017,1.0,16,0,1.2548449250000147
1018,1.0,14,0,1.255944943000003
1019,1.0,14,0,1.2570763190000207
1020,1.0,18,1,1.258353762000013
1021,1.0,14,0,1.259560577000002
1022,1.0,16,0,1.260812541000007
1023,1.0,14,0,1.2619253340000114
1024,1.0,14,0,1.263021454000011
1025,0.0,14,1,1.2642766530000245
1026,1.0,16,0,1.2654830250000089
1027,1.0,14,0,1.2665839560000052
1028,1.0,16,0,1.2678132750000088
1029,1.0,14,0,1.2689392910000095
1030,1.0,14,0,1.2701271270000234
1031,1.0,14,0,1.2712376100000142
1032,1.0,14,0,1.2723461730000167
1033,1.0,14,0,1.2734478340000237
1034,1.0,15,0,1.2746506350000004
1035,1.0,16,0,1.275890607000008
1036,1.0,16,0,1.2776594400000079
1037,1.0,14,0,1.2795472310000093
1038,1.0,14,0,1.281481302000003
1039,1.0,14,0,1.2834020660000078
1040,1.0,14,0,1.2853346540000246
1041,1.0,14,0,1.287277228000022
1042,1.0,16,0,1.2894158440000183
1043,1.0,14,0,1.2913366600000131
1044,1.0,14,0,1.2956157200000007
1045,1.0,16,0,1.2977129480000258
1046,1.0,16,0,1.2998775439999974
1047,1.0,16,0,1.3021591500000227
1048,1.0,17,1,1.3044428890000006
1049,1.0,14,0,1.3064724660000024
1050,1.0,14,0,1.3084775590000106
1051,1.0,14,0,1.3106121819999998
1052,1.0,14,0,1.312546814000001
1053,0.0,7,1,1.3142784230000188
1054,1.0,17,1,1.3165212330000031
1055,1.0,14,0,1.321303352000001
1056,1.0,14,0,1.323470561000022
1057,1.0,14,0,1.3255864520000102
1058,1.0,14,0,1.327675539000012
1059,1.0,14,0,1.3298982550000176
1060,1.0,14,0,1.331985110000005
1061,1.0,16,0,1.3341692600000101
1062,1.0,14,0,1.3361653000000047
1063,1.0,15,0,1.3383287960000132
1064,1.0,14,0,1.3403060720000042
1065,0.0,7,1,1.3422191650000173
1066,1.0,14,0,1.3439545049999992
1067,1.0,14,0,1.3457932540000002
1068,1.0,14,0,1.3477227440000092
1069,1.0,16,0,1.350378362000015
1070,1.0,14,0,1.353068900000011
1071,1.0,14,0,1.3553505380000104
1072,1.0,16,0,1.3583303750000084
1073,1.0,14,0,1.360552556000016
1074,1.0,16,0,1.362716416000012
1075,1.0,15,0,1.36497347400001
1076,1.0,16,0,1.3671072530000004
1077,1.0,14,0,1.3690599380000208
1078,1.0,16,0,1.3713719340000239
1079,1.0,14,0,1.3734384470000123
1080,1.0,14,0,1.3753925670000058
1081,1.0,14,0,1.3776832300000024
1082,1.0,14,0,1.3805986920000066
1083,1.0,14,0,1.3825251630000253
1084,0.0,9,1,1.3845409210000241
1085,1.0,14,0,1.3864444690000255
1086,1.0,14,0,1.3883467710000161
1087,1.0,14,0,1.390429451000017
1088,1.0,14,0,1.39238514500002
1089,1.0,15,0,1.3944924130000231
1090,1.0,14,0,1.396622739999998
1091,1.0,14,0,1.3992237760000137
1092,1.0,17,1,1.4019057750000172
1093,1.0,14,0,1.4039019870000118
1094,1.0,14,0,1.4059298630000114
1095,1.0,14,0,1.4077751940000098
1096,1.0,14,0,1.4098054170000012
1097,1.0,14,0,1.4116879370000106
1098,1.0,16,0,1.413807358000014
1099,0.0,14,1,1.4158432180000204
1100,1.0,14,0,1.419197703000009
1101,1.0,14,0,1.4212413710000078
1102,1.0,14,0,1.4231994560000203
1103,1.0,14,0,1.425108979000015
1104,1.0,16,0,1.4272623090000138
1105,1.0,16,0,1.4293884650000166
1106,1.0,14,0,1.4313496680000242
1107,1.0,14,0,1.4333399340000028
1108,1.0,16,0,1.4354243430000224
1109,0.0,10,1,1.437395753000004
1110,1.0,14,0,1.4393201840000245
1111,1.0,14,0,1.4412528200000168
1112,0.0,12,1,1.4432241300000044
1113,1.0,14,0,1.4451372640000102
1114,1.0,14,0,1.447164253000011
1115,1.0,14,0,1.4490557430000024
1116,1.0,14,0,1.4510492970000257
1117,1.0,16,0,1.4531424520000087
1118,1.0,16,0,1.4552027090000195
1119,0.0,11,1,1.4571578100000124
1120,1.0,16,0,1.4592674630000033
1121,1.0,14,0,1.4612966260000064
1122,1.0,14,0,1.4632644160000154
1123,1.0,14,0,1.4653187090000017
1124,1.0,14,0,1.4672725070000183
1125,1.0,14,0,1.4692537180000045
1126,1.0,14,0,1.4713838060000057
1127,0.0,14,1,1.4734082250000142
1128,1.0,14,0,1.4753617940000083
1129,1.0,14,0,1.47740077200001
1130,1.0,14,0,1.4793311000000244
1131,1.0,14,0,1.481294341000023
1132,1.0,14,0,1.4838698410000006
1133,1.0,16,0,1.4878095720000033
1134,1.0,14,0,1.4898786830000006
1135,1.0,14,0,1.4919950610000114
1136,1.0,14,0,1.4940815390000068
1137,1.0,14,0,1.495832446999998
1138,1.0,14,0,1.4970805200000257
1139,1.0,17,1,1.4985190530000239
1140,1.0,14,0,1.5005907230000162
1141,1.0,14,0,1.5024487520000207
1142,1.0,20,1,1.504798509000011
1143,0.0,7,1,1.506759274000018
1144,1.0,14,0,1.5087619860000245
1145,1.0,14,0,1.5108149680000054
1146,0.0,7,1,1.5128061960000139
1147,1.0,14,0,1.514815820000024
1148,1.0,16,0,1.5168092140000056
1149,0.0,7,1,1.5185778320000054
1150,1.0,14,0,1.520497234000004
1151,1.0,17,1,1.5224593960000163
1152,0.0,11,1,1.5243005270000083
1153,1.0,16,0,1.5262476980000201
1154,1.0,14,0,1.5281477999999993
1155,1.0,14,0,1.5299445740000124
1156,1.0,14,0,1.531677249000012
1157,1.0,14,0,1.5335872530000074
1158,1.0,14,0,1.535463452000016
1159,1.0,14,0,1.5372787680000215
1160,1.0,14,0,1.5391800510000166
1161,1.0,16,0,1.541121851000014
1162,1.0,16,0,1.543061487000017
1163,0.0,9,1,1.5448565290000147
1164,1.0,14,0,1.5467400760000203
1165,1.0,15,0,1.5486552680000045
1166,1.0,14,0,1.5504450880000036
1167,1.0,14,0,1.5522135540000193
1168,1.0,16,0,1.5541432120000138
1169,1.0,14,0,1.5561090190000186
1170,1.0,14,0,1.5580105120000098
1171,0.0,7,1,1.5598535029999994
1172,1.0,14,0,1.5617945980000059
1173,1.0,15,0,1.563916196000008
1174,1.0,14,0,1.5659003270000085
1175,1.0,15,0,1.5679509269999983
1176,1.0,17,1,1.5700737860000231
1177,1.0,14,0,1.5720049900000106
1178,1.0,18,1,1.5741470279999987
1179,1.0,14,0,1.576155354000008
1180,1.0,14,0,1.5781775220000043
1181,1.0,17,1,1.580255952000016
1182,1.0,14,0,1.5822503960000063
1183,1.0,14,0,1.5841479510000056
1184,1.0,14,0,1.5860559480000234
1185,1.0,16,0,1.5880791120000026
1186,1.0,14,0,1.5900569670000095
1187,0.0,10,1,1.5919698680000067
1188,1.0,14,0,1.5938787610000134
1189,1.0,14,0,1.595785276000015
1190,0.0,12,1,1.5978161339999986
1191,1.0,14,0,1.599822338000024
1192,1.0,14,0,1.6021461910000028
1193,1.0,14,0,1.604031187000004
1194,1.0,14,0,1.6078195059999985
1195,1.0,15,0,1.6099735510000244
1196,1.0,14,0,1.6118955680000226
1197,1.0,14,0,1.6139551270000254
1198,1.0,15,0,1.6159912150000082
1199,1.0,16,0,1.6180759510000087
1200,1.0,14,0,1.620010810000025
1201,0.0,7,1,1.6219096980000245
1202,1.0,16,0,1.624044514000019
1203,1.0,14,0,1.6261049770000113
1204,1.0,15,0,1.6281907240000066
1205,1.0,14,0,1.6300851640000076
1206,1.0,14,0,1.6322559110000157
1207,1.0,14,0,1.6341707530000065
1208,1.0,14,0,1.6360796170000071
1209,1.0,14,0,1.638006861000008
1210,1.0,16,0,1.6401045050000107
1211,1.0,14,0,1.6420387920000223
1212,0.0,10,1,1.6440399650000188
1213,1.0,16,0,1.646096139000008
1214,1.0,16,0,1.6481419060000064
1215,1.0,14,0,1.6500562220000177
1216,1.0,14,0,1.6523315070000137
1217,1.0,18,1,1.6544085740000014
1218,1.0,14,0,1.6563494190000085
1219,1.0,16,0,1.6585343380000097
1220,0.0,7,1,1.660394982000014
1221,1.0,14,0,1.6624342520000255
1222,1.0,20,1,1.6645574900000213
1223,1.0,14,0,1.6665318950000199
1224,1.0,14,0,1.6684269540000116
1225,1.0,14,0,1.6704828250000219
1226,0.0,14,1,1.6725176920000138
1227,1.0,14,0,1.6749091970000052
1228,1.0,14,0,1.6776530019999996
1229,0.0,9,1,1.6798259280000138
1230,1.0,14,0,1.6823839820000046
1231,1.0,14,0,1.6857588570000246
1232,1.0,16,0,1.6885340810000002
1233,0.0,7,1,1.690774169000008
1234,1.0,16,0,1.6929401840000082
1235,1.0,14,0,1.6948101730000076
1236,1.0,14,0,1.6987875060000022
1237,1.0,17,1,1.701038576000002
1238,1.0,14,0,1.7029587500000218
1239,1.0,14,0,1.7053996190000191
1240,1.0,16,0,1.7082262520000029
1241,1.0,16,0,1.712275276000014
1242,1.0,14,0,1.7145940120000205
1243,1.0,14,0,1.7160625690000018
1244,1.0,14,0,1.7173316930000055
1245,1.0,14,0,1.7186073430000022
1246,1.0,14,0,1.7206328950000227
1247,1.0,14,0,1.722538118000017
1248,1.0,14,0,1.7245217319999995
1249,1.0,14,0,1.7264059649999979
1250,1.0,14,0,1.7285093819999986
1251,1.0,14,0,1.7304754930000001
1252,1.0,15,0,1.7326072830000214
1253,1.0,16,0,1.7345621460000018
1254,1.0,15,0,1.7364950910000232
1255,1.0,14,0,1.7382935680000173
1256,0.0,13,1,1.7402303949999975
1257,1.0,14,0,1.7420485750000125
1258,1.0,14,0,1.7440140230000054
1259,1.0,14,0,1.746051016000024
1260,1.0,14,0,1.7480490270000075
1261,1.0,14,0,1.7499886520000132
1262,1.0,14,0,1.7519500049999976
1263,1.0,17,1,1.7541291510000008
1264,1.0,16,0,1.7561094930000252
1265,1.0,14,0,1.7580558470000085
1266,1.0,14,0,1.7599942420000048
1267,1.0,14,0,1.7619101300000182
1268,0.0,14,1,1.7639372220000098
1269,1.0,14,0,1.765922273000001
1270,1.0,19,1,1.7680381549999993
1271,1.0,16,0,1.7701278080000122
1272,1.0,16,0,1.7721945820000258
1273,1.0,14,0,1.774112002999999
1274,0.0,11,1,1.7759581540000227
1275,1.0,16,0,1.7778822220000166
1276,1.0,14,0,1.7796400120000158
1277,1.0,14,0,1.7814754680000249
1278,0.0,7,1,1.7832720010000003
1279,1.0,14,0,1.7850940270000137
1280,1.0,16,0,1.7870752450000111
1281,1.0,16,0,1.7890372270000228
1282,0.0,12,1,1.7908970980000163
1283,1.0,14,0,1.7926364790000093
1284,1.0,18,1,1.7945923120000202
1285,0.0,10,1,1.7963703329999987
1286,0.0,12,1,1.7982019570000034
1287,1.0,14,0,1.8000865870000098
1288,1.0,14,0,1.801962278000019
1289,1.0,14,0,1.8037084890000017
1290,1.0,14,0,1.805570609
1291,1.0,14,0,1.8073395930000231
1292,1.0,14,0,1.809134797000013
1293,1.0,14,0,1.8109125269999993
1294,1.0,14,0,1.8126745780000135
1295,1.0,18,1,1.814814623000018
1296,1.0,16,0,1.8168639360000043
1297,1.0,14,0,1.8186976810000033
1298,1.0,14,0,1.8206272609999985
1299,0.0,7,1,1.8225183530000209
1300,1.0,14,0,1.8244529820000253
1301,1.0,16,0,1.8265211450000152
1302,1.0,15,0,1.8285710400000141
1303,1.0,14,0,1.8306039240000018
1304,1.0,14,0,1.8326113880000037
1305,1.0,14,0,1.834517237
1306,1.0,14,0,1.8364096520000146
1307,1.0,15,0,1.8384262000000149
1308,1.0,14,0,1.8403521970000156
1309,0.0,14,1,1.8423636480000027
1310,1.0,15,0,1.8444599800000105
1311,0.0,7,1,1.8463024140000073
1312,1.0,16,0,1.848606994000022
1313,0.0,7,1,1.8504465560000085
1314,1.0,14,0,1.8523393560000159
1315,0.0,12,1,1.8542808010000158
1316,1.0,16,0,1.8563096350000023
1317,1.0,14,0,1.8582760250000092
1318,1.0,14,0,1.8602832770000077
1319,1.0,14,0,1.862169295000001
1320,1.0,14,0,1.86405961600002
1321,1.0,14,0,1.8661089969999978
1322,1.0,16,0,1.8681587140000033
1323,1.0,14,0,1.8701079880000009
1324,1.0,14,0,1.871998173999998
1325,1.0,16,0,1.874033101000009
1326,1.0,14,0,1.875990862000009
1327,1.0,14,0,1.877887487999999
1328,0.0,7,1,1.879800285000016
1329,1.0,14,0,1.8817215020000049
1330,1.0,14,0,1.8837142560000188
1331,1.0,14,0,1.8857154060000028
1332,1.0,14,0,1.8877154340000004
1333,0.0,9,1,1.890064510000002
1334,1.0,14,0,1.8930416230000162
1335,1.0,14,0,1.8949689920000026
1336,1.0,14,0,1.8977125300000068
1337,1.0,14,0,1.8997209310000187
1338,1.0,18,1,1.9020328290000066
1339,1.0,14,0,1.9039767830000187
1340,1.0,14,0,1.9059555120000198
1341,1.0,14,0,1.9078546160000087
1342,1.0,14,0,1.9098569140000166
1343,1.0,16,0,1.9119289990000254
1344,1.0,18,1,1.9140254400000174
1345,1.0,14,0,1.9159509979999996
1346,1.0,14,0,1.91785809000001
1347,1.0,14,0,1.9197697560000222
1348,1.0,14,0,1.921656052000003
1349,1.0,14,0,1.9236495020000177
1350,1.0,16,0,1.9256710310000074
1351,1.0,14,0,1.9275837090000039
1352,1.0,14,0,1.9294716250000192
1353,1.0,14,0,1.931352679000014
1354,1.0,14,0,1.9332477240000117
1355,1.0,14,0,1.9351460370000098
1356,1.0,14,0,1.9371028950000095
1357,1.0,14,0,1.9389981930000033
1358,1.0,18,1,1.9411302569999975
1359,1.0,16,0,1.9431688000000236
1360,1.0,14,0,1.9450568760000237
1361,1.0,16,0,1.9470965000000149
1362,1.0,14,0,1.9490223190000222
1363,1.0,14,0,1.9529255950000106
1364,1.0,15,0,1.9550798950000114
1365,1.0,14,0,1.9573227280000083
1366,1.0,14,0,1.9593438380000237
1367,0.0,9,1,1.9612795700000163
1368,1.0,14,0,1.9632066030000033
1369,1.0,14,0,1.9651398770000128
1370,1.0,14,0,1.967046345
1371,1.0,16,0,1.9691510990000154
1372,1.0,14,0,1.971055917000001
1373,0.0,11,1,1.9730177790000027
1374,1.0,14,0,1.9749243850000084
1375,1.0,16,0,1.977003977999999
1376,0.0,8,1,1.9788820530000066
1377,1.0,14,0,1.980816371000003
1378,1.0,14,0,1.9827033400000005
1379,1.0,14,0,1.9846074149999993
1380,1.0,16,0,1.986655978000016
1381,1.0,16,0,1.9886928770000054
1382,1.0,14,0,1.990584063
1383,1.0,14,0,1.992472403000022
1384,1.0,16,0,1.9945136540000021
1385,0.0,8,1,1.996599070000002
1386,1.0,14,0,1.998518206
1387,1.0,15,0,2.0006154470000013
1388,1.0,14,0,2.0025367860000074
1389,1.0,14,0,2.00447293000002
1390,1.0,14,0,2.006396550000005
1391,1.0,14,0,2.008322557000014
1392,1.0,14,0,2.0102471590000164
1393,1.0,16,0,2.0130570150000153
1394,1.0,14,0,2.015122127000012
1395,1.0,18,1,2.017278533000024
1396,1.0,14,0,2.019203367000017
1397,1.0,14,0,2.0211637069999995
1398,1.0,14,0,2.0230602809999993
1399,1.0,15,0,2.0251035400000035
1400,1.0,16,0,2.0271918509999978
1401,1.0,14,0,2.0291431150000108
1402,1.0,14,0,2.0311103390000085
1403,1.0,14,0,2.033005078000002
1404,1.0,14,0,2.034920482000018
1405,1.0,14,0,2.0369211490000225
1406,1.0,14,0,2.038811929000019
1407,1.0,14,0,2.0407389260000173
1408,1.0,14,0,2.0427180480000118
1409,1.0,18,1,2.0448034870000242
1410,1.0,14,0,2.046681738000018
1411,1.0,14,0,2.048666159000021
1412,1.0,14,0,2.0506512489999977
1413,1.0,16,0,2.0526615980000145
1414,1.0,14,0,2.0546421000000237
1415,1.0,14,0,2.056611873999998
1416,1.0,16,0,2.058635188000011
1417,1.0,14,0,2.060542091000002
1418,1.0,14,0,2.0624687170000016
1419,0.0,7,1,2.0643041100000232
1420,1.0,14,0,2.066194070000023
1421,0.0,12,1,2.0681594570000073
1422,1.0,14,0,2.0701670380000223
1423,1.0,14,0,2.072153505000017
1424,1.0,14,0,2.074049687000013
1425,1.0,14,0,2.0759591200000216
1426,1.0,16,0,2.077989830000007
1427,1.0,15,0,2.080031212000023
1428,1.0,14,0,2.081947207000013
1429,1.0,16,0,2.0839734799999974
1430,1.0,14,0,2.0858882050000034
1431,1.0,14,0,2.0878854320000073
1432,1.0,14,0,2.089852375000021
1433,1.0,14,0,2.091762358000011
1434,1.0,18,1,2.093887354000003
1435,1.0,14,0,2.095774043000006
1436,1.0,16,0,2.0978107220000197
1437,1.0,16,0,2.0998775780000187
1438,1.0,14,0,2.101772739000012
1439,1.0,14,0,2.1037510740000016
1440,1.0,15,0,2.1058380430000057
1441,1.0,16,0,2.1078779150000173
1442,0.0,16,1,2.1099103590000254
1443,1.0,14,0,2.1117858400000102
1444,1.0,14,0,2.1137209170000233
1445,1.0,15,0,2.1157489180000084
1446,1.0,18,1,2.117824965000011
1447,1.0,16,0,2.1198923460000003
1448,1.0,16,0,2.121927451000005
1449,1.0,14,0,2.123936025000006
1450,1.0,16,0,2.1259584710000183
1451,1.0,14,0,2.12785189600001
1452,0.0,7,1,2.1297555270000146
1453,1.0,14,0,2.131629987000025
1454,1.0,16,0,2.133672441000016
1455,1.0,14,0,2.135647636000016
1456,1.0,15,0,2.137685873999999
1457,1.0,14,0,2.139578116000024
1458,1.0,14,0,2.1415078360000166
1459,1.0,14,0,2.1434026270000004
1460,1.0,14,0,2.145310265000006
1461,1.0,14,0,2.147197255000009
1462,1.0,14,0,2.1490944370000022
1463,1.0,14,0,2.1510850100000027
1464,1.0,14,0,2.1530927730000258
1465,1.0,14,0,2.1550090700000055
1466,1.0,14,0,2.156914569999998
1467,1.0,16,0,2.158940746000013
1468,1.0,14,0,2.1608541030000197
1469,1.0,14,0,2.162758014000019
1470,1.0,14,0,2.1646283660000165
1471,1.0,14,0,2.1665256370000066
1472,1.0,16,0,2.168572609000023
1473,1.0,16,0,2.1705989990000205
1474,1.0,16,0,2.1726239590000205
1475,1.0,14,0,2.174521769000023
1476,1.0,14,0,2.176420436000001
1477,1.0,14,0,2.178328076000014
1478,1.0,17,1,2.1804181690000064
1479,1.0,16,0,2.182459473000023
1480,1.0,16,0,2.184516166999998
1481,1.0,16,0,2.1865757799999983
1482,1.0,14,0,2.188487701000014
1483,1.0,14,0,2.190465049000011
1484,1.0,14,0,2.1923592050000025
1485,1.0,14,0,2.1942486100000167
1486,1.0,14,0,2.196141742000009
1487,1.0,14,0,2.198038279000002
1488,1.0,14,0,2.2000491610000097
1489,1.0,14,0,2.2019460310000056
1490,1.0,14,0,2.2038347820000013
1491,1.0,14,0,2.2057048759999986
1492,1.0,16,0,2.2077666480000175
1493,0.0,9,1,2.209634360000024
1494,1.0,14,0,2.211527783000008
1495,1.0,14,0,2.2134232380000185
1496,0.0,11,1,2.2153556519999995
1497,1.0,16,0,2.217408087000024
1498,1.0,16,0,2.219445673000024
1499,0.0,12,1,2.221416211000019
